day,cloud_cover_total,weather,summary,weather_id,precipitation_type,precipitation_total,temperature,wind_speed
2022-02-24,99.41666666666667,Overcast,Overcast,overcast,none,0.049999999999999996,2.6166666666666667,3.170833333333333
2022-02-25,98.58333333333333,Overcast,Overcast,overcast,none,0.0,3.141666666666667,3.9583333333333335
2022-02-26,99.625,Overcast,Overcast,overcast,none,0.0,2.3125,3.625
2022-02-27,95.625,Overcast,Overcast,overcast,none,0.0,1.3499999999999999,3.641666666666667
2022-02-28,93.83333333333333,Overcast,Overcast,overcast,none,0.0,0.25,2.595833333333333
2022-03-01,98.54166666666667,Overcast,Overcast,overcast,none,0.08333333333333333,1.3625,4.379166666666667
2022-03-02,99.91666666666667,Overcast,Overcast,overcast,none,0.05833333333333333,1.4958333333333333,3.345833333333333
2022-03-03,100.0,Rain and snow,Rain and snow,rain_and_snow,rain_snow,0.4375,0.45416666666666666,3.0625
2022-03-04,98.16666666666667,Overcast,Overcast,overcast,none,0.0,0.75,5.091666666666667
2022-03-05,99.70833333333333,Overcast,Overcast,overcast,none,0.05000000000000001,-0.6375,4.3500000000000005
2022-03-06,38.541666666666664,Partly sunny,Partly sunny,partly_sunny,none,0.0,-1.8875,2.6
2022-03-07,91.0,Overcast,Overcast,overcast,none,0.0,-2.0124999999999997,1.5583333333333333
2022-03-08,90.0,Overcast,Overcast,overcast,none,0.05000000000000001,-1.9041666666666666,1.5625
2022-03-09,63.291666666666664,Partly sunny,Partly sunny,partly_sunny,none,0.09583333333333333,-2.8874999999999997,2.2624999999999997
2022-03-10,82.58333333333333,Cloudy,Cloudy,cloudy,none,0.0,-7.704166666666667,3.4125
2022-03-11,83.125,Overcast,Overcast,overcast,none,0.0,-6.454166666666667,4.7
2022-03-12,27.916666666666668,Sunny,Sunny,sunny,none,0.0,-6.579166666666667,2.558333333333333
2022-03-13,41.75,Sunny,Sunny,sunny,none,0.0,-6.25,1.9208333333333334
2022-03-14,50.083333333333336,Partly sunny,Partly sunny,partly_sunny,none,0.0,-2.245833333333333,2.966666666666667
2022-03-15,36.791666666666664,Sunny,Sunny,sunny,none,0.0,-0.7791666666666667,3.8083333333333336
2022-03-16,63.0,Overcast,Overcast,overcast,none,0.0,-5.045833333333333,3.5833333333333335
2022-03-17,84.70833333333333,Overcast,Overcast,overcast,none,0.012500000000000002,-6.9875,4.4125000000000005
2022-03-18,84.41666666666667,Overcast,Overcast,overcast,none,0.0,-6.220833333333334,3.6333333333333333
2022-03-19,25.208333333333332,Sunny,Sunny,sunny,none,0.0,-3.3000000000000003,3.7708333333333335
2022-03-20,0.7916666666666666,Sunny,Sunny,sunny,none,0.0,-0.5583333333333332,3.15
2022-03-21,0.0,Sunny,Sunny,sunny,none,0.0,3.8125,3.4583333333333335
2022-03-22,0.041666666666666664,Sunny,Sunny,sunny,none,0.0,3.0500000000000003,3.8375
2022-03-23,1.6666666666666667,Sunny,Sunny,sunny,none,0.0,2.5624999999999996,1.8
2022-03-24,0.041666666666666664,Sunny,Sunny,sunny,none,0.0,3.3000000000000003,2.275
2022-03-25,17.875,Sunny,Sunny,sunny,none,0.0,2.858333333333334,2.3541666666666665
2022-03-26,32.458333333333336,Sunny,Sunny,sunny,none,0.008333333333333333,6.583333333333333,4.170833333333333
2022-03-27,67.375,Partly sunny,Partly sunny,partly_sunny,none,0.1875,1.1500000000000001,6.083333333333333
2022-03-28,17.416666666666668,Sunny,Sunny,sunny,none,0.0,1.7583333333333335,5.279166666666667
2022-03-29,48.083333333333336,Sunny,Sunny,sunny,none,0.0,7.616666666666667,5.8999999999999995
2022-03-30,58.125,Overcast,Overcast,overcast,none,0.0,9.987499999999999,3.845833333333333
2022-03-31,80.25,Overcast,Overcast,overcast,none,0.0,10.725,4.941666666666666
2022-04-01,94.04166666666667,Overcast,Overcast,overcast,none,0.0,13.679166666666667,5.583333333333333
2022-04-02,43.875,Partly sunny,Partly sunny,partly_sunny,none,0.0,14.875,5.695833333333333
2022-04-03,57.833333333333336,Overcast,Overcast,overcast,none,0.17916666666666667,9.645833333333334,4.4125000000000005
2022-04-04,91.75,Overcast,Overcast,overcast,none,0.029166666666666664,3.545833333333333,4.175
2022-04-05,84.54166666666667,Overcast,Overcast,overcast,none,0.0,4.2250000000000005,3.8333333333333335
2022-04-06,50.333333333333336,Partly sunny,Partly sunny,partly_sunny,none,0.0,6.779166666666666,4.116666666666666
2022-04-07,24.083333333333332,Sunny,Sunny,sunny,none,0.0,10.529166666666667,3.579166666666667
2022-04-08,89.375,Overcast,Overcast,overcast,none,0.20833333333333334,10.529166666666667,4.620833333333334
2022-04-09,60.375,Partly sunny,Partly sunny,partly_sunny,none,0.0,11.1875,3.420833333333333
2022-04-10,81.375,Overcast,Overcast,overcast,none,0.041666666666666664,13.845833333333333,4.0
2022-04-11,57.166666666666664,Partly sunny,Partly sunny,partly_sunny,none,0.0,16.479166666666668,4.291666666666667
2022-04-12,99.95833333333333,Overcast,Overcast,overcast,none,0.15416666666666667,9.4,3.8083333333333336
2022-04-13,99.54166666666667,Overcast,Overcast,overcast,none,0.65,3.1125000000000003,2.9916666666666667
2022-04-14,98.0,Overcast,Overcast,overcast,none,0.075,5.7250000000000005,2.35
2022-04-15,76.04166666666667,Overcast,Overcast,overcast,none,0.0,9.6,2.6041666666666665
2022-04-16,88.04166666666667,Overcast,Overcast,overcast,none,0.0,8.5,3.5833333333333335
2022-04-17,83.375,Overcast,Overcast,overcast,none,0.0,10.104166666666666,2.075
2022-04-18,74.04166666666667,Partly sunny,Partly sunny,partly_sunny,none,0.075,12.495833333333332,3.158333333333333
2022-04-19,81.25,Overcast,Overcast,overcast,none,0.049999999999999996,12.625,3.5875
2022-04-20,64.16666666666667,Overcast,Overcast,overcast,none,0.1125,8.454166666666667,3.35
2022-04-21,88.04166666666667,Overcast,Overcast,overcast,none,0.22916666666666666,7.9624999999999995,2.970833333333333
2022-04-22,68.375,Overcast,Overcast,overcast,none,0.008333333333333333,7.933333333333334,2.8125
2022-04-23,70.54166666666667,Overcast,Overcast,overcast,none,0.0,10.933333333333332,2.654166666666667
2022-04-24,50.291666666666664,Partly sunny,Partly sunny,partly_sunny,none,0.049999999999999996,13.429166666666667,3.1958333333333333
2022-04-25,45.541666666666664,Sunny,Sunny,sunny,none,0.0,14.8125,1.6416666666666666
2022-04-26,58.416666666666664,Partly sunny,Partly sunny,partly_sunny,none,0.0,17.320833333333333,1.5583333333333333
2022-04-27,20.416666666666668,Sunny,Sunny,sunny,none,0.0,15.170833333333334,2.9583333333333335
2022-04-28,54.458333333333336,Partly sunny,Partly sunny,partly_sunny,none,0.0,13.762500000000001,2.5166666666666666
2022-04-29,82.54166666666667,Overcast,Overcast,overcast,none,0.0,14.295833333333334,2.875
2022-04-30,62.291666666666664,Partly sunny,Partly sunny,partly_sunny,none,0.0,11.85,3.8791666666666664
2022-05-01,32.25,Sunny,Sunny,sunny,none,0.0,10.987499999999999,3.279166666666667
2022-05-02,63.916666666666664,Partly sunny,Partly sunny,partly_sunny,none,0.0,9.6,2.0875
2022-05-03,52.666666666666664,Partly sunny,Partly sunny,partly_sunny,none,0.0,9.9375,2.2583333333333333
2022-05-04,49.958333333333336,Partly sunny,Partly sunny,partly_sunny,none,0.0,11.329166666666666,1.575
2022-05-05,85.95833333333333,Overcast,Overcast,overcast,none,0.0,11.720833333333333,4.675
2022-05-06,94.45833333333333,Overcast,Overcast,overcast,none,0.0,9.7125,4.004166666666666
2022-05-07,19.291666666666668,Partly sunny,Partly sunny,partly_sunny,none,0.0,9.7875,3.2458333333333336
2022-05-08,18.541666666666668,Sunny,Sunny,sunny,none,0.0,11.766666666666666,1.7
2022-05-09,22.791666666666668,Sunny,Sunny,sunny,none,0.03333333333333333,13.0,3.225
2022-05-10,44.375,Partly sunny,Partly sunny,partly_sunny,none,0.0,8.691666666666666,3.725
2022-05-11,63.375,Overcast,Overcast,overcast,none,0.0,10.737499999999999,4.133333333333334
2022-05-12,53.333333333333336,Partly sunny,Partly sunny,partly_sunny,none,0.0,15.554166666666667,4.05
2022-05-13,45.625,Partly sunny,Partly sunny,partly_sunny,none,0.0,17.425,4.2625
2022-05-14,97.08333333333333,Overcast,Overcast,overcast,none,0.44166666666666665,11.058333333333332,1.5125
2022-05-15,59.25,Partly sunny,Partly sunny,partly_sunny,none,0.0,14.179166666666667,4.008333333333334
2022-05-16,38.0,Sunny,Sunny,sunny,none,0.0,13.791666666666666,4.0375000000000005
2022-05-17,46.166666666666664,Partly sunny,Partly sunny,partly_sunny,none,0.0,13.520833333333334,3.783333333333333
2022-05-18,99.95833333333333,Light rain,Light rain,light_rain,rain,0.5083333333333334,10.424999999999999,2.9875000000000003
2022-05-19,82.91666666666667,Rain,Rain,rain,rain,0.5375,9.445833333333333,3.079166666666667
2022-05-20,55.583333333333336,Partly sunny,Partly sunny,partly_sunny,none,0.0,14.391666666666666,3.6791666666666667
2022-05-21,94.45833333333333,Overcast,Overcast,overcast,none,0.12916666666666668,16.7625,4.4375
2022-05-22,65.70833333333333,Partly sunny,Partly sunny,partly_sunny,none,0.0,14.7125,4.658333333333333
2022-05-23,86.95833333333333,Overcast,Overcast,overcast,none,0.0,12.191666666666668,2.983333333333333
2022-05-24,66.70833333333333,Partly sunny,Partly sunny,partly_sunny,none,0.0,12.520833333333334,2.275
2022-05-25,54.083333333333336,Overcast,Overcast,overcast,none,0.0,15.0375,2.6166666666666667
2022-05-26,67.91666666666667,Overcast,Overcast,overcast,none,0.012499999999999999,16.0625,3.6208333333333336
2022-05-27,34.291666666666664,Partly sunny,Partly sunny,partly_sunny,none,0.0,17.116666666666667,4.004166666666666
2022-05-28,33.375,Partly sunny,Partly sunny,partly_sunny,none,0.0,18.858333333333334,3.7583333333333333
2022-05-29,61.708333333333336,Partly sunny,Partly sunny,partly_sunny,none,0.0,18.775000000000002,2.5083333333333333
2022-05-30,54.583333333333336,Overcast,Overcast,overcast,none,0.0,20.3625,3.0
2022-05-31,30.291666666666668,Partly sunny,Partly sunny,partly_sunny,none,0.0,23.3875,2.670833333333333
2022-06-01,61.708333333333336,Partly sunny,Partly sunny,partly_sunny,none,0.020833333333333332,22.816666666666666,3.4916666666666667
2022-06-02,28.291666666666668,Partly sunny,Partly sunny,partly_sunny,none,0.0375,22.895833333333332,3.233333333333333
2022-06-03,14.958333333333334,Sunny,Sunny,sunny,none,0.0,22.933333333333334,2.220833333333333
2022-06-04,35.375,Sunny,Sunny,sunny,none,0.024999999999999998,22.45,3.033333333333333
2022-06-05,73.83333333333333,Overcast,Overcast,overcast,none,0.06666666666666667,20.966666666666665,2.8708333333333336
2022-06-06,40.333333333333336,Sunny,Sunny,sunny,none,0.0,18.608333333333334,3.1750000000000003
2022-06-07,13.583333333333334,Sunny,Sunny,sunny,none,0.0,18.966666666666665,2.316666666666667
2022-06-08,21.666666666666668,Sunny,Sunny,sunny,none,0.0,20.145833333333332,2.1166666666666667
2022-06-09,0.875,Sunny,Sunny,sunny,none,0.0,20.087500000000002,3.283333333333333
2022-06-10,0.0,Sunny,Sunny,sunny,none,0.0,20.8875,2.766666666666667
2022-06-11,0.041666666666666664,Sunny,Sunny,sunny,none,0.0,22.291666666666668,1.7666666666666666
2022-06-12,32.5,Partly sunny,Partly sunny,partly_sunny,none,0.075,23.087500000000002,3.0375
2022-06-13,22.125,Sunny,Sunny,sunny,none,0.0,22.46666666666667,2.3333333333333335
2022-06-14,42.625,Sunny,Sunny,sunny,none,0.016666666666666666,22.55,2.470833333333333
2022-06-15,64.25,Partly sunny,Partly sunny,partly_sunny,none,0.0,18.470833333333335,2.7291666666666665
2022-06-16,30.375,Partly sunny,Partly sunny,partly_sunny,none,0.0,17.808333333333334,2.7916666666666665
2022-06-17,47.5,Partly sunny,Partly sunny,partly_sunny,none,0.0,18.845833333333335,1.1583333333333334
2022-06-18,53.583333333333336,Partly sunny,Partly sunny,partly_sunny,none,0.0,19.333333333333332,1.5125
2022-06-19,21.25,Sunny,Sunny,sunny,none,0.0,21.479166666666668,1.7791666666666668
2022-06-20,0.25,Sunny,Sunny,sunny,none,0.0,22.808333333333334,1.5458333333333334
2022-06-21,18.208333333333332,Sunny,Sunny,sunny,none,0.0,23.7375,2.1374999999999997
2022-06-22,35.166666666666664,Partly sunny,Partly sunny,partly_sunny,none,0.012499999999999999,18.795833333333334,3.225
2022-06-23,53.166666666666664,Partly sunny,Partly sunny,partly_sunny,none,0.09166666666666667,15.533333333333333,1.4583333333333333
2022-06-24,32.833333333333336,Partly sunny,Partly sunny,partly_sunny,none,0.0,16.854166666666668,2.1125000000000003
2022-06-25,65.54166666666667,Overcast,Overcast,overcast,none,0.0,19.212500000000002,2.2916666666666665
2022-06-26,88.33333333333333,Overcast,Overcast,overcast,none,0.0,22.616666666666664,4.125
2022-06-27,56.333333333333336,Partly sunny,Partly sunny,partly_sunny,none,0.024999999999999998,23.712500000000002,4.4375
2022-06-28,64.29166666666667,Overcast,Overcast,overcast,none,0.0,24.03333333333333,2.891666666666667
2022-06-29,15.291666666666666,Sunny,Sunny,sunny,none,0.0,23.9375,3.225
2022-06-30,49.958333333333336,Partly sunny,Partly sunny,partly_sunny,none,0.0,21.116666666666667,2.25
2022-07-01,6.875,Sunny,Sunny,sunny,none,0.0,21.483333333333334,3.3166666666666664
2022-07-02,7.291666666666667,Sunny,Sunny,sunny,none,0.0,17.7,4.1875
2022-07-03,30.25,Sunny,Sunny,sunny,none,0.0,19.991666666666667,2.9625
2022-07-04,31.666666666666668,Sunny,Sunny,sunny,none,0.0,23.191666666666666,2.1958333333333333
2022-07-05,17.416666666666668,Sunny,Sunny,sunny,none,0.0,24.295833333333334,1.7750000000000001
2022-07-06,4.291666666666667,Sunny,Sunny,sunny,none,0.0,24.929166666666664,2.370833333333333
2022-07-07,0.0,Sunny,Sunny,sunny,none,0.0,24.245833333333334,2.904166666666667
2022-07-08,2.1666666666666665,Sunny,Sunny,sunny,none,0.0,23.849999999999998,3.170833333333333
2022-07-09,35.083333333333336,Partly sunny,Partly sunny,partly_sunny,none,0.0,24.954166666666666,3.1166666666666667
2022-07-10,94.625,Overcast,Overcast,overcast,none,0.03333333333333333,24.041666666666668,2.8958333333333335
2022-07-11,68.25,Rain,Rain,rain,none,0.725,20.220833333333335,2.595833333333333
2022-07-12,17.666666666666668,Mostly sunny,Mostly sunny,mostly_sunny,none,0.0,20.229166666666668,2.1750000000000003
2022-07-13,20.541666666666668,Partly sunny,Partly sunny,partly_sunny,none,0.0,20.983333333333334,2.275
2022-07-14,31.666666666666668,Partly sunny,Partly sunny,partly_sunny,none,0.0,18.995833333333334,3.75
2022-07-15,0.125,Sunny,Sunny,sunny,none,0.0,21.2625,1.2249999999999999
2022-07-16,19.125,Sunny,Sunny,sunny,none,0.0,23.287499999999998,1.575
2022-07-17,35.458333333333336,Partly sunny,Partly sunny,partly_sunny,none,0.0,22.90416666666667,2.65
2022-07-18,10.375,Sunny,Sunny,sunny,none,0.0,19.258333333333333,3.525
2022-07-19,30.166666666666668,Sunny,Sunny,sunny,none,0.0,18.75,2.245833333333333
2022-07-20,44.041666666666664,Partly sunny,Partly sunny,partly_sunny,none,0.06666666666666667,20.570833333333333,2.4499999999999997
2022-07-21,77.875,Overcast,Overcast,overcast,none,0.03333333333333333,17.900000000000002,3.9250000000000003
2022-07-22,62.666666666666664,Partly sunny,Partly sunny,partly_sunny,none,0.25,17.6375,2.8833333333333333
2022-07-23,73.375,Overcast,Overcast,overcast,none,0.06666666666666667,18.029166666666665,3.2125
2022-07-24,29.041666666666668,Partly sunny,Partly sunny,partly_sunny,none,0.0,21.091666666666665,2.8166666666666664
2022-07-25,73.08333333333333,Overcast,Overcast,overcast,none,0.0625,22.054166666666664,2.1666666666666665
2022-07-26,49.958333333333336,Partly sunny,Partly sunny,partly_sunny,none,0.12916666666666668,19.858333333333334,1.7166666666666668
2022-07-27,27.791666666666668,Partly sunny,Partly sunny,partly_sunny,none,0.012499999999999999,21.45,1.1041666666666667
2022-07-28,25.166666666666668,Partly sunny,Partly sunny,partly_sunny,none,0.0,24.233333333333334,1.625
2022-07-29,19.833333333333332,Sunny,Sunny,sunny,none,0.0,24.641666666666666,2.9
2022-07-30,12.791666666666666,Sunny,Sunny,sunny,none,0.0,23.46666666666667,3.4333333333333336
2022-07-31,11.875,Sunny,Sunny,sunny,none,0.0,24.479166666666668,3.8833333333333333
2022-08-01,42.291666666666664,Partly sunny,Partly sunny,partly_sunny,none,0.0,24.820833333333336,3.904166666666667
2022-08-02,70.54166666666667,Partly sunny,Partly sunny,partly_sunny,none,0.25416666666666665,22.133333333333336,2.2916666666666665
2022-08-03,51.75,Partly sunny,Partly sunny,partly_sunny,none,0.22916666666666666,21.625,2.1666666666666665
2022-08-04,30.083333333333332,Partly sunny,Partly sunny,partly_sunny,none,0.0375,22.291666666666668,1.9291666666666665
2022-08-05,61.958333333333336,Partly sunny,Partly sunny,partly_sunny,none,0.08750000000000001,21.59166666666667,3.845833333333333
2022-08-06,35.541666666666664,Partly sunny,Partly sunny,partly_sunny,none,0.0,24.5,3.1791666666666667
2022-08-07,27.416666666666668,Partly sunny,Partly sunny,partly_sunny,none,0.0,24.820833333333336,2.529166666666667
2022-08-08,3.375,Sunny,Sunny,sunny,none,0.0,25.7375,3.0416666666666665
2022-08-09,0.0,Sunny,Sunny,sunny,none,0.0,25.47083333333333,3.0416666666666665
2022-08-10,37.333333333333336,Partly sunny,Partly sunny,partly_sunny,none,0.0,26.40416666666667,3.5041666666666664
2022-08-11,67.875,Overcast,Overcast,overcast,none,0.0,26.808333333333334,4.383333333333334
2022-08-12,90.41666666666667,Overcast,Overcast,overcast,none,0.09166666666666667,25.195833333333336,4.675
2022-08-13,39.583333333333336,Partly sunny,Partly sunny,partly_sunny,none,0.0,25.849999999999998,5.570833333333333
2022-08-14,52.875,Partly sunny,Partly sunny,partly_sunny,none,0.0,27.53333333333333,5.770833333333333
2022-08-15,47.666666666666664,Partly sunny,Partly sunny,partly_sunny,none,0.0,28.758333333333336,5.6000000000000005
2022-08-16,68.25,Overcast,Overcast,overcast,none,0.20833333333333334,24.070833333333336,3.545833333333333
2022-08-17,18.958333333333332,Sunny,Sunny,sunny,none,0.016666666666666666,24.233333333333334,1.9000000000000001
2022-08-18,36.333333333333336,Partly sunny,Partly sunny,partly_sunny,none,0.07083333333333333,23.441666666666666,1.1875
2022-08-19,67.66666666666667,Partly sunny,Partly sunny,partly_sunny,none,0.13749999999999998,22.5,1.5125
2022-08-20,58.958333333333336,Partly sunny,Partly sunny,partly_sunny,none,0.09583333333333333,21.787499999999998,4.058333333333334
2022-08-21,33.666666666666664,Partly sunny,Partly sunny,partly_sunny,none,0.0,23.175,5.179166666666666
2022-08-22,0.625,Sunny,Sunny,sunny,none,0.0,25.054166666666664,6.395833333333333
2022-08-23,0.0,Sunny,Sunny,sunny,none,0.0,25.579166666666666,6.004166666666666
2022-08-24,1.375,Sunny,Sunny,sunny,none,0.0,25.1125,5.8
2022-08-25,64.54166666666667,Partly sunny,Partly sunny,partly_sunny,none,0.0,25.3125,6.141666666666667
2022-08-26,70.29166666666667,Partly sunny,Partly sunny,partly_sunny,none,0.0,24.308333333333334,5.733333333333333
2022-08-27,58.25,Partly sunny,Partly sunny,partly_sunny,none,0.0,24.78333333333333,4.575
2022-08-28,33.791666666666664,Partly sunny,Partly sunny,partly_sunny,none,0.15416666666666667,25.40833333333333,3.0
2022-08-29,2.5416666666666665,Sunny,Sunny,sunny,none,0.0,23.791666666666668,1.675
2022-08-30,15.333333333333334,Sunny,Sunny,sunny,none,0.0,24.116666666666664,1.3083333333333333
2022-08-31,31.041666666666668,Partly sunny,Partly sunny,partly_sunny,none,0.0,24.4875,1.5958333333333332
2022-09-01,44.041666666666664,Mostly cloudy,Mostly cloudy,mostly_cloudy,none,0.0,21.520833333333332,2.9499999999999997
2022-09-02,16.583333333333332,Sunny,Sunny,sunny,none,0.0,17.620833333333334,3.3874999999999997
2022-09-03,68.0,Overcast,Overcast,overcast,none,0.008333333333333333,18.162499999999998,4.766666666666667
2022-09-04,71.16666666666667,Overcast,Overcast,overcast,none,0.06666666666666667,12.404166666666667,4.808333333333334
2022-09-05,51.333333333333336,Partly sunny,Partly sunny,partly_sunny,none,0.0,12.424999999999999,2.3375
2022-09-06,52.708333333333336,Partly sunny,Partly sunny,partly_sunny,none,0.0,10.904166666666667,3.108333333333333
2022-09-07,63.541666666666664,Overcast,Overcast,overcast,none,0.0,10.108333333333333,1.7874999999999999
2022-09-08,36.083333333333336,Partly sunny,Partly sunny,partly_sunny,none,0.0,12.729166666666666,1.8333333333333333
2022-09-09,83.16666666666667,Overcast,Overcast,overcast,none,0.0,14.079166666666666,2.0083333333333333
2022-09-10,44.916666666666664,Partly sunny,Partly sunny,partly_sunny,none,0.0,13.454166666666666,3.8333333333333335
2022-09-11,74.45833333333333,Overcast,Overcast,overcast,none,0.10833333333333334,15.375,5.075
2022-09-12,88.25,Rain,Rain,rain,rain,0.5333333333333333,15.483333333333334,2.6916666666666664
2022-09-13,57.583333333333336,Partly sunny,Partly sunny,partly_sunny,none,0.0,15.1625,2.908333333333333
2022-09-14,67.41666666666667,Partly sunny,Partly sunny,partly_sunny,none,0.03333333333333333,13.245833333333332,3.3833333333333333
2022-09-15,94.54166666666667,Overcast,Overcast,overcast,none,0.2916666666666667,17.016666666666666,4.633333333333334
2022-09-16,81.83333333333333,Overcast,Overcast,overcast,none,0.1125,19.183333333333334,3.0749999999999997
2022-09-17,60.583333333333336,Overcast,Overcast,overcast,none,0.0,18.5625,2.279166666666667
2022-09-18,45.458333333333336,Partly sunny,Partly sunny,partly_sunny,none,0.0,22.3875,4.779166666666667
2022-09-19,7.958333333333333,Sunny,Sunny,sunny,none,0.0,13.816666666666668,3.3833333333333333
2022-09-20,53.5,Partly sunny,Partly sunny,partly_sunny,none,0.0,14.770833333333334,2.5124999999999997
2022-09-21,26.75,Sunny,Sunny,sunny,none,0.0,13.183333333333332,2.2875
2022-09-22,87.33333333333333,Overcast,Overcast,overcast,none,0.14583333333333334,12.741666666666667,1.8666666666666665
2022-09-23,57.708333333333336,Sunny,Sunny,sunny,none,0.2333333333333333,9.658333333333333,3.525
2022-09-24,59.75,Partly sunny,Partly sunny,partly_sunny,none,0.08333333333333333,9.391666666666667,3.220833333333333
2022-09-25,84.91666666666667,Overcast,Overcast,overcast,none,0.0,10.941666666666668,5.020833333333333
2022-09-26,80.66666666666667,Overcast,Overcast,overcast,none,0.0,14.237499999999999,3.1999999999999997
2022-09-27,98.08333333333333,Overcast,Overcast,overcast,none,0.029166666666666664,15.987499999999999,3.3249999999999997
2022-09-28,91.75,Light rain,Light rain,light_rain,none,0.24166666666666667,15.674999999999999,2.9916666666666667
2022-09-29,79.54166666666667,Overcast,Overcast,overcast,none,0.0,15.004166666666668,1.3541666666666667
2022-09-30,67.83333333333333,Partly sunny,Partly sunny,partly_sunny,none,0.0,16.2625,2.6999999999999997
2022-10-01,73.16666666666667,Overcast,Overcast,overcast,none,0.0,17.875,2.7458333333333336
2022-10-02,99.66666666666667,Overcast,Overcast,overcast,none,0.7458333333333332,17.6125,4.7625
2022-10-03,73.91666666666667,Overcast,Overcast,overcast,none,0.0,12.862499999999999,4.295833333333333
2022-10-04,50.958333333333336,Partly sunny,Partly sunny,partly_sunny,none,0.0,12.0875,3.125
2022-10-05,38.5,Sunny,Sunny,sunny,none,0.0,10.054166666666667,2.9
2022-10-06,17.958333333333332,Sunny,Sunny,sunny,none,0.0,11.095833333333333,2.2624999999999997
2022-10-07,19.541666666666668,Sunny,Sunny,sunny,none,0.0,13.358333333333334,2.5166666666666666
2022-10-08,38.666666666666664,Partly sunny,Partly sunny,partly_sunny,none,0.0,14.025,4.108333333333333
2022-10-09,93.58333333333333,Overcast,Overcast,overcast,none,0.0,13.995833333333332,3.3833333333333333
2022-10-10,97.66666666666667,Overcast,Overcast,overcast,none,0.1625,11.5625,3.0500000000000003
2022-10-11,93.75,Overcast,Overcast,overcast,none,0.1708333333333333,9.375,5.0125
2022-10-12,9.625,Sunny,Sunny,sunny,none,0.0,8.533333333333333,2.725
2022-10-13,68.04166666666667,Partly sunny,Partly sunny,partly_sunny,none,0.0,8.616666666666667,2.0833333333333335
2022-10-14,63.916666666666664,Partly sunny,Partly sunny,partly_sunny,none,0.0,6.754166666666666,2.4583333333333335
2022-10-15,6.166666666666667,Sunny,Sunny,sunny,none,0.0,5.3125,3.3166666666666664
2022-10-16,47.958333333333336,Partly sunny,Partly sunny,partly_sunny,none,0.0,7.033333333333334,3.8375
2022-10-17,6.583333333333333,Sunny,Sunny,sunny,none,0.0,7.066666666666666,2.4583333333333335
2022-10-18,14.125,Sunny,Sunny,sunny,none,0.0,9.229166666666666,2.2875
2022-10-19,63.166666666666664,Partly sunny,Partly sunny,partly_sunny,none,0.0,10.4125,2.733333333333333
2022-10-20,96.66666666666667,Rain,Rain,rain,rain,1.0250000000000001,8.429166666666667,3.5708333333333333
2022-10-21,88.375,Overcast,Overcast,overcast,none,0.0,5.2749999999999995,4.066666666666666
2022-10-22,88.95833333333333,Overcast,Overcast,overcast,none,0.0,5.429166666666667,2.370833333333333
2022-10-23,99.33333333333333,Rain,Rain,rain,rain,0.47500000000000003,8.725,3.875
2022-10-24,98.45833333333333,Overcast,Overcast,overcast,none,0.012499999999999999,8.941666666666666,4.0249999999999995
2022-10-25,92.16666666666667,Overcast,Overcast,overcast,none,0.0,9.766666666666667,2.433333333333333
2022-10-26,99.625,Overcast,Overcast,overcast,rain,0.5,11.066666666666668,4.125
2022-10-27,92.625,Overcast,Overcast,overcast,none,0.0,9.345833333333333,4.220833333333333
2022-10-28,58.375,Partly sunny,Partly sunny,partly_sunny,none,0.0,6.995833333333334,3.345833333333333
2022-10-29,95.20833333333333,Overcast,Overcast,overcast,none,0.05833333333333333,8.508333333333333,2.9458333333333333
2022-10-30,87.79166666666667,Overcast,Overcast,overcast,none,0.16666666666666666,10.604166666666666,5.2
2022-10-31,53.166666666666664,Sunny,Sunny,sunny,none,0.024999999999999998,5.4125000000000005,5.058333333333334
2022-11-01,30.916666666666668,Sunny,Sunny,sunny,none,0.0,1.7083333333333333,3.5416666666666665
2022-11-02,91.20833333333333,Overcast,Overcast,overcast,none,0.0,4.883333333333334,1.9583333333333333
2022-11-03,51.916666666666664,Mostly sunny,Mostly sunny,mostly_sunny,none,0.05416666666666667,5.470833333333334,1.9583333333333333
2022-11-04,95.29166666666667,Overcast,Overcast,overcast,none,0.09166666666666667,4.7,1.6875
2022-11-05,97.375,Overcast,Overcast,overcast,none,0.024999999999999998,3.654166666666667,1.9749999999999999
2022-11-06,95.0,Overcast,Overcast,overcast,none,0.0,2.091666666666667,2.7083333333333335
2022-11-07,69.20833333333333,Overcast,Overcast,overcast,none,0.0,2.375,3.1125000000000003
2022-11-08,22.75,Sunny,Sunny,sunny,none,0.0,1.425,2.0875
2022-11-09,97.5,Overcast,Overcast,overcast,none,0.0,3.5541666666666667,1.7958333333333334
2022-11-10,97.41666666666667,Overcast,Overcast,overcast,none,0.0,4.9375,2.3833333333333333
2022-11-11,99.66666666666667,Overcast,Overcast,overcast,none,0.0,5.795833333333333,1.125
2022-11-12,87.83333333333333,Overcast,Overcast,overcast,none,0.0,6.4125000000000005,3.341666666666667
2022-11-13,84.33333333333333,Overcast,Overcast,overcast,none,0.0,8.3875,5.391666666666667
2022-11-14,72.91666666666667,Overcast,Overcast,overcast,none,0.0,4.158333333333333,3.5041666666666664
2022-11-15,31.625,Partly sunny,Partly sunny,partly_sunny,none,0.0,0.09999999999999994,2.0
2022-11-16,88.95833333333333,Overcast,Overcast,overcast,none,0.0,2.7541666666666664,2.8541666666666665
2022-11-17,99.95833333333333,Overcast,Overcast,overcast,none,0.6124999999999999,6.108333333333333,3.7083333333333335
2022-11-18,99.70833333333333,Overcast,Overcast,overcast,none,0.03333333333333333,2.670833333333333,3.0
2022-11-19,99.83333333333333,Overcast,Overcast,overcast,none,0.1875,6.1499999999999995,5.241666666666666
2022-11-20,100.0,Overcast,Overcast,overcast,none,0.03333333333333333,3.6833333333333336,2.9625
2022-11-21,94.16666666666667,Overcast,Overcast,overcast,none,0.0,10.929166666666667,3.6208333333333336
2022-11-22,92.04166666666667,Rain,Rain,rain,rain,0.4791666666666667,8.483333333333333,3.9916666666666667
2022-11-23,60.708333333333336,Overcast,Overcast,overcast,none,0.0,0.7791666666666667,3.5541666666666667
2022-11-24,97.625,Overcast,Overcast,overcast,none,0.0,4.075,3.7416666666666667
2022-11-25,99.70833333333333,Overcast,Overcast,overcast,none,0.0,4.779166666666667,4.791666666666667
2022-11-26,100.0,Overcast,Overcast,overcast,none,0.0,2.9250000000000003,3.3249999999999997
2022-11-27,99.95833333333333,Overcast,Overcast,overcast,none,0.0,2.3000000000000003,2.25
2022-11-28,99.29166666666667,Overcast,Overcast,overcast,none,0.0,-0.06250000000000001,3.6750000000000003
2022-11-29,80.75,Overcast,Overcast,overcast,none,0.0,-2.066666666666667,5.3875
2022-11-30,79.20833333333333,Overcast,Overcast,overcast,none,0.0,-1.7041666666666666,6.545833333333333
2022-12-01,68.04166666666667,Overcast,Overcast,overcast,none,0.0,-1.5,6.375
2022-12-02,98.45833333333333,Overcast,Overcast,overcast,none,0.0,-1.8916666666666666,6.308333333333334
2022-12-03,51.875,Overcast,Overcast,overcast,none,0.0,-5.191666666666666,6.125
2022-12-04,47.0,Partly sunny,Partly sunny,partly_sunny,none,0.0,-8.279166666666667,5.483333333333333
2022-12-05,6.583333333333333,Sunny,Sunny,sunny,none,0.0,-7.75,4.916666666666667
2022-12-06,5.666666666666667,Sunny,Sunny,sunny,none,0.0,-6.441666666666666,5.05
2022-12-07,83.04166666666667,Overcast,Overcast,overcast,none,0.020833333333333332,-6.395833333333333,5.395833333333333
2022-12-08,99.41666666666667,Overcast,Overcast,overcast,none,0.0,-1.9166666666666667,4.545833333333333
2022-12-09,93.08333333333333,Overcast,Overcast,overcast,none,0.03333333333333333,0.3125,4.420833333333333
2022-12-10,99.29166666666667,Overcast,Overcast,overcast,none,0.020833333333333332,3.4625,4.679166666666666
2022-12-11,73.54166666666667,Overcast,Overcast,overcast,none,0.03333333333333333,4.1000000000000005,5.283333333333333
2022-12-12,99.75,Overcast,Overcast,overcast,none,0.2333333333333333,3.158333333333333,5.520833333333333
2022-12-13,99.25,Overcast,Overcast,overcast,none,0.14583333333333334,3.6666666666666665,4.8999999999999995
2022-12-14,90.04166666666667,Overcast,Overcast,overcast,none,0.0,-2.1333333333333333,2.308333333333333
2022-12-15,93.79166666666667,Overcast,Overcast,overcast,none,0.05000000000000001,-2.0166666666666666,4.158333333333333
2022-12-16,100.0,Overcast,Overcast,overcast,none,0.0,0.6291666666666667,2.533333333333333
2022-12-17,96.95833333333333,Overcast,Overcast,overcast,none,0.075,6.1875,4.904166666666667
2022-12-18,95.54166666666667,Overcast,Overcast,overcast,none,0.05833333333333333,3.125,4.108333333333333
2022-12-19,51.916666666666664,Overcast,Overcast,overcast,none,0.0,-3.016666666666667,4.470833333333333
2022-12-20,53.708333333333336,Overcast,Overcast,overcast,none,0.0,-4.3,1.9791666666666667
2022-12-21,97.20833333333333,Overcast,Overcast,overcast,none,0.0375,-0.375,2.5458333333333334
2022-12-22,83.45833333333333,Overcast,Overcast,overcast,none,0.0,0.39166666666666666,2.670833333333333
2022-12-23,87.625,Overcast,Overcast,overcast,none,0.0,0.4458333333333333,2.2958333333333334
2022-12-24,99.16666666666667,Overcast,Overcast,overcast,none,0.0,-0.11249999999999999,2.308333333333333
2022-12-25,96.0,Overcast,Overcast,overcast,none,0.0,1.2166666666666666,2.0833333333333335
2022-12-26,100.0,Overcast,Overcast,overcast,none,0.06666666666666667,1.5666666666666667,1.6500000000000001
2022-12-27,100.0,Overcast,Overcast,overcast,rain,0.4166666666666667,2.0541666666666667,3.3708333333333336
2022-12-28,87.04166666666667,Overcast,Overcast,overcast,none,0.05416666666666667,2.1374999999999997,4.9125000000000005
2022-12-29,82.75,Overcast,Overcast,overcast,none,0.0,0.5,3.341666666666667
2022-12-30,64.375,Partly sunny,Partly sunny,partly_sunny,none,0.0,3.7291666666666665,3.775
2022-12-31,96.04166666666667,Overcast,Overcast,overcast,none,0.0,2.8041666666666667,3.1833333333333336
2023-01-01,88.16666666666667,Overcast,Overcast,overcast,none,0.0,4.570833333333334,4.733333333333333
2023-01-02,62.166666666666664,Overcast,Overcast,overcast,none,0.0,6.279166666666666,3.5416666666666665
2023-01-03,65.29166666666667,Overcast,Overcast,overcast,none,0.0,6.2375,3.966666666666667
2023-01-04,88.08333333333333,Overcast,Overcast,overcast,none,0.0,3.2458333333333336,4.145833333333333
2023-01-05,99.08333333333333,Overcast,Overcast,overcast,none,0.23750000000000002,1.7,4.566666666666666
2023-01-06,94.91666666666667,Overcast,Overcast,overcast,none,0.09999999999999999,-0.3166666666666667,4.854166666666667
2023-01-07,6.583333333333333,Sunny,Sunny,sunny,none,0.0,-12.9625,2.8000000000000003
2023-01-08,1.9166666666666667,Sunny,Sunny,sunny,none,0.0,-14.495833333333332,1.4375
2023-01-09,11.375,Sunny,Sunny,sunny,none,0.0,-12.354166666666666,3.5124999999999997
2023-01-10,64.0,Overcast,Overcast,overcast,none,0.0,-12.924999999999999,6.029166666666666
2023-01-11,36.291666666666664,Partly sunny,Partly sunny,partly_sunny,none,0.0,-10.5,6.545833333333333
2023-01-12,96.20833333333333,Overcast,Overcast,overcast,none,0.0,-5.258333333333334,4.945833333333334
2023-01-13,98.29166666666667,Overcast,Overcast,overcast,none,0.0,-1.9749999999999999,3.783333333333333
2023-01-14,98.75,Overcast,Overcast,overcast,none,0.0,-1.625,3.6125000000000003
2023-01-15,99.20833333333333,Overcast,Overcast,overcast,none,0.004166666666666667,-2.4791666666666665,2.908333333333333
2023-01-16,70.95833333333333,Overcast,Overcast,overcast,none,0.0,-1.625,2.341666666666667
2023-01-17,80.29166666666667,Overcast,Overcast,overcast,none,0.0,-0.029166666666666646,4.75
2023-01-18,71.75,Overcast,Overcast,overcast,none,0.0,1.0208333333333333,4.741666666666666
2023-01-19,35.583333333333336,Sunny,Sunny,sunny,none,0.0,2.370833333333333,4.55
2023-01-20,90.54166666666667,Overcast,Overcast,overcast,none,0.0,0.25833333333333336,5.4875
2023-01-21,98.91666666666667,Overcast,Overcast,overcast,none,0.0,-1.2291666666666667,5.208333333333333
2023-01-22,99.04166666666667,Overcast,Overcast,overcast,none,0.0,-0.8458333333333333,3.8666666666666667
2023-01-23,22.166666666666668,Mostly sunny,Mostly sunny,mostly_sunny,none,0.0,-1.8291666666666666,4.620833333333334
2023-01-24,18.083333333333332,Partly sunny,Partly sunny,partly_sunny,none,0.0,-2.9791666666666665,3.733333333333333
2023-01-25,8.875,Sunny,Sunny,sunny,none,0.0,-2.779166666666667,3.0500000000000003
2023-01-26,0.0,Sunny,Sunny,sunny,none,0.0,-4.408333333333333,2.1374999999999997
2023-01-27,4.5,Sunny,Sunny,sunny,none,0.0,-3.7458333333333336,2.733333333333333
2023-01-28,76.66666666666667,Overcast,Overcast,overcast,none,0.012499999999999999,-2.9375,3.983333333333333
2023-01-29,99.79166666666667,Overcast,Overcast,overcast,none,0.05000000000000001,0.10833333333333332,2.095833333333333
2023-01-30,98.125,Overcast,Overcast,overcast,none,0.0,0.3875,1.3666666666666665
2023-01-31,78.58333333333333,Overcast,Overcast,overcast,none,0.0,-0.4041666666666666,1.2874999999999999
2023-02-01,73.75,Overcast,Overcast,overcast,none,0.016666666666666666,-1.2958333333333332,1.95
2023-02-02,82.875,Overcast,Overcast,overcast,none,0.004166666666666667,-0.8875000000000001,2.704166666666667
2023-02-03,97.58333333333333,Overcast,Overcast,overcast,none,0.0,-0.7125,2.795833333333333
2023-02-04,57.583333333333336,Cloudy,Cloudy,cloudy,none,0.03333333333333333,-1.625,2.0375
2023-02-05,93.75,Overcast,Overcast,overcast,none,0.0,-2.5416666666666665,2.1041666666666665
2023-02-06,98.0,Overcast,Overcast,overcast,none,0.0,-3.8958333333333335,4.545833333333333
2023-02-07,99.70833333333333,Overcast,Overcast,overcast,none,0.0,-7.458333333333333,5.679166666666667
2023-02-08,41.041666666666664,Sunny,Sunny,sunny,none,0.0,-8.025,4.958333333333333
2023-02-09,40.875,Partly sunny,Partly sunny,partly_sunny,none,0.0,-7.1499999999999995,1.5916666666666668
2023-02-10,37.458333333333336,Sunny,Sunny,sunny,none,0.0,-6.1499999999999995,1.8166666666666667
2023-02-11,34.208333333333336,Sunny,Sunny,sunny,none,0.0,-4.2250000000000005,2.975
2023-02-12,92.45833333333333,Overcast,Overcast,overcast,none,0.10833333333333334,-2.4583333333333335,5.141666666666667
2023-02-13,84.29166666666667,Overcast,Overcast,overcast,none,0.004166666666666667,-2.783333333333333,4.875
2023-02-14,70.25,Partly sunny,Partly sunny,partly_sunny,none,0.19166666666666665,0.06250000000000001,4.483333333333333
2023-02-15,63.791666666666664,Partly sunny,Partly sunny,partly_sunny,none,0.02916666666666667,-2.0749999999999997,3.725
2023-02-16,78.91666666666667,Mostly cloudy,Mostly cloudy,mostly_cloudy,none,0.0,-3.6666666666666665,2.6750000000000003
2023-02-17,95.5,Overcast,Overcast,overcast,none,0.09583333333333333,-3.391666666666667,2.954166666666667
2023-02-18,89.54166666666667,Overcast,Overcast,overcast,none,0.28750000000000003,-2.0625,3.841666666666667
2023-02-19,76.83333333333333,Overcast,Overcast,overcast,none,0.0,2.216666666666667,3.483333333333333
2023-02-20,85.91666666666667,Overcast,Overcast,overcast,none,0.0,0.23749999999999996,4.1375
2023-02-21,79.95833333333333,Partly sunny,Partly sunny,partly_sunny,none,0.21666666666666667,1.9541666666666666,6.245833333333334
2023-02-22,83.95833333333333,Overcast,Overcast,overcast,none,0.012499999999999999,-2.5708333333333333,4.7625
2023-02-23,50.416666666666664,Sunny,Sunny,sunny,none,0.0,-7.066666666666666,3.3000000000000003
2023-02-24,73.125,Overcast,Overcast,overcast,none,0.0,-4.391666666666667,3.6
2023-02-25,88.875,Overcast,Overcast,overcast,none,0.05833333333333333,2.033333333333333,4.970833333333333
2023-02-26,94.16666666666667,Overcast,Overcast,overcast,none,0.0,5.883333333333333,5.204166666666667
2023-02-27,94.16666666666667,Overcast,Overcast,overcast,none,0.016666666666666666,7.325,2.7291666666666665
2023-02-28,96.66666666666667,Overcast,Overcast,overcast,none,0.0,0.9958333333333332,3.2416666666666667
2023-03-01,65.20833333333333,Overcast,Overcast,overcast,none,0.0,-0.47500000000000003,4.145833333333333
2023-03-02,67.29166666666667,Cloudy,Cloudy,cloudy,none,0.0,0.12083333333333333,3.1666666666666665
2023-03-03,82.79166666666667,Cloudy,Cloudy,cloudy,none,0.0,2.1875,3.15
2023-03-04,59.0,Partly sunny,Partly sunny,partly_sunny,none,0.0,3.3874999999999997,4.791666666666667
2023-03-05,45.291666666666664,Sunny,Sunny,sunny,none,0.0,1.6208333333333333,3.5666666666666664
2023-03-06,40.333333333333336,Partly sunny,Partly sunny,partly_sunny,none,0.0,0.4625000000000001,2.2291666666666665
2023-03-07,94.625,Overcast,Overcast,overcast,rain,0.42083333333333334,3.5124999999999997,3.658333333333333
2023-03-08,86.08333333333333,Overcast,Overcast,overcast,none,0.041666666666666664,7.4125000000000005,4.116666666666666
2023-03-09,51.5,Overcast,Overcast,overcast,none,0.0,7.554166666666667,4.0
2023-03-10,77.625,Overcast,Overcast,overcast,none,0.016666666666666666,8.737499999999999,3.4791666666666665
2023-03-11,99.16666666666667,Overcast,Overcast,overcast,none,0.18333333333333335,8.220833333333333,4.7875000000000005
2023-03-12,91.83333333333333,Overcast,Overcast,overcast,none,0.012499999999999999,6.325,5.479166666666667
2023-03-13,12.666666666666666,Sunny,Sunny,sunny,none,0.0,0.875,2.8833333333333333
2023-03-14,32.583333333333336,Sunny,Sunny,sunny,none,0.041666666666666664,3.6999999999999997,4.0125
2023-03-15,83.875,Overcast,Overcast,overcast,none,0.008333333333333333,6.3125,4.129166666666666
2023-03-16,99.16666666666667,Overcast,Overcast,overcast,none,0.15416666666666665,7.045833333333333,1.9875
2023-03-17,99.04166666666667,Overcast,Overcast,overcast,none,0.0,6.991666666666667,2.525
2023-03-18,99.75,Overcast,Overcast,overcast,none,0.0,3.7291666666666665,3.7916666666666665
2023-03-19,100.0,Overcast,Overcast,overcast,none,0.0,2.9416666666666664,2.845833333333333
2023-03-20,61.375,Overcast,Overcast,overcast,none,0.0,5.570833333333333,2.3916666666666666
2023-03-21,73.08333333333333,Partly sunny,Partly sunny,partly_sunny,none,0.0,7.416666666666667,1.8666666666666665
2023-03-22,71.45833333333333,Overcast,Overcast,overcast,none,0.0,8.429166666666667,1.5416666666666667
2023-03-23,39.333333333333336,Sunny,Sunny,sunny,none,0.0,9.383333333333335,2.025
2023-03-24,45.708333333333336,Partly sunny,Partly sunny,partly_sunny,none,0.0,11.120833333333332,2.1875
2023-03-25,92.0,Overcast,Overcast,overcast,none,0.0,8.795833333333333,2.8541666666666665
2023-03-26,86.83333333333333,Overcast,Overcast,overcast,none,0.008333333333333333,8.791666666666666,3.0416666666666665
2023-03-27,91.29166666666667,Overcast,Overcast,overcast,none,0.024999999999999998,7.895833333333333,2.4499999999999997
2023-03-28,98.0,Overcast,Overcast,overcast,none,0.1625,8.325000000000001,4.791666666666667
2023-03-29,99.66666666666667,Overcast,Overcast,overcast,none,0.0,3.1041666666666665,3.3166666666666664
2023-03-30,99.83333333333333,Snow,Snow,snow,snow,1.1541666666666666,-0.4166666666666667,5.670833333333333
2023-03-31,70.25,Overcast,Overcast,overcast,none,0.07083333333333333,2.7375000000000003,4.7
2023-04-01,68.04166666666667,Overcast,Overcast,overcast,none,0.0,5.445833333333333,3.9583333333333335
2023-04-02,80.79166666666667,Overcast,Overcast,overcast,none,0.03333333333333333,9.220833333333333,4.0125
2023-04-03,92.875,Overcast,Overcast,overcast,none,0.09999999999999999,8.0875,4.370833333333334
2023-04-04,97.54166666666667,Overcast,Overcast,overcast,none,0.03333333333333333,10.183333333333334,2.4
2023-04-05,99.45833333333333,Overcast,Overcast,overcast,none,0.09583333333333333,12.7875,4.979166666666667
2023-04-06,100.0,Overcast,Overcast,overcast,none,0.1125,9.329166666666667,2.1666666666666665
2023-04-07,95.08333333333333,Overcast,Overcast,overcast,none,0.13749999999999998,10.612499999999999,2.2666666666666666
2023-04-08,81.16666666666667,Overcast,Overcast,overcast,none,0.2041666666666667,11.120833333333332,3.6166666666666667
2023-04-09,85.375,Overcast,Overcast,overcast,none,0.17500000000000002,8.633333333333333,2.795833333333333
2023-04-10,77.70833333333333,Overcast,Overcast,overcast,none,0.0,11.329166666666666,3.6666666666666665
2023-04-11,99.5,Overcast,Overcast,overcast,none,0.0,13.220833333333333,5.7124999999999995
2023-04-12,99.70833333333333,Overcast,Overcast,overcast,none,0.37083333333333335,11.491666666666667,3.891666666666667
2023-04-13,100.0,Light rain,Light rain,light_rain,rain,0.2833333333333333,8.870833333333334,2.8708333333333336
2023-04-14,99.91666666666667,Overcast,Overcast,overcast,none,0.024999999999999998,7.295833333333333,3.6625
2023-04-15,79.66666666666667,Overcast,Overcast,overcast,none,0.0,5.3,3.625
2023-04-16,74.08333333333333,Overcast,Overcast,overcast,none,0.0,7.1875,4.941666666666666
2023-04-17,73.25,Overcast,Overcast,overcast,none,0.0,9.8375,5.920833333333333
2023-04-18,93.0,Overcast,Overcast,overcast,none,0.11666666666666665,10.2125,4.670833333333333
2023-04-19,84.20833333333333,Overcast,Overcast,overcast,none,0.20833333333333334,9.012500000000001,4.116666666666666
2023-04-20,99.91666666666667,Overcast,Overcast,overcast,none,0.17500000000000002,8.283333333333333,2.9375
2023-04-21,98.66666666666667,Light rain,Light rain,light_rain,rain,0.2625,9.195833333333333,1.75
2023-04-22,78.04166666666667,Overcast,Overcast,overcast,none,0.07083333333333333,8.141666666666667,2.3666666666666667
2023-04-23,81.66666666666667,Overcast,Overcast,overcast,none,0.09583333333333334,9.329166666666667,1.3208333333333333
2023-04-24,93.54166666666667,Overcast,Overcast,overcast,none,0.13333333333333333,11.420833333333334,2.0124999999999997
2023-04-25,80.58333333333333,Light rain,Light rain,light_rain,none,0.2041666666666667,10.35,2.625
2023-04-26,40.291666666666664,Partly sunny,Partly sunny,partly_sunny,none,0.0,13.158333333333333,2.9166666666666665
2023-04-27,81.95833333333333,Overcast,Overcast,overcast,none,0.07083333333333333,15.7125,3.5
2023-04-28,95.0,Overcast,Overcast,overcast,none,0.16666666666666666,14.741666666666667,2.5749999999999997
2023-04-29,97.04166666666667,Overcast,Overcast,overcast,rain,0.6166666666666667,12.654166666666667,2.625
2023-04-30,94.70833333333333,Overcast,Overcast,overcast,none,0.0375,10.845833333333333,3.5833333333333335
2023-05-01,94.41666666666667,Overcast,Overcast,overcast,rain,0.4666666666666666,10.887500000000001,3.016666666666667
2023-05-02,61.833333333333336,Overcast,Overcast,overcast,none,0.0,9.879166666666666,3.4791666666666665
2023-05-03,3.7083333333333335,Sunny,Sunny,sunny,none,0.0,11.979166666666666,1.4625000000000001
2023-05-04,47.333333333333336,Partly sunny,Partly sunny,partly_sunny,none,0.0,14.829166666666666,1.2291666666666667
2023-05-05,37.708333333333336,Sunny,Sunny,sunny,none,0.0,15.4,1.425
2023-05-06,10.666666666666666,Sunny,Sunny,sunny,none,0.0,13.612499999999999,4.266666666666667
2023-05-07,78.75,Overcast,Overcast,overcast,none,0.0,10.450000000000001,5.0874999999999995
2023-05-08,99.375,Overcast,Overcast,overcast,none,0.1125,8.141666666666667,3.9375
2023-05-09,99.04166666666667,Light rain,Light rain,light_rain,none,0.1875,7.675,3.5625
2023-05-10,71.125,Overcast,Overcast,overcast,none,0.041666666666666664,6.716666666666666,3.3333333333333335
2023-05-11,41.291666666666664,Partly sunny,Partly sunny,partly_sunny,none,0.0,9.195833333333333,2.9625
2023-05-12,25.041666666666668,Sunny,Sunny,sunny,none,0.0,11.595833333333333,2.0083333333333333
2023-05-13,53.166666666666664,Partly sunny,Partly sunny,partly_sunny,none,0.0,13.366666666666667,2.2708333333333335
2023-05-14,60.875,Partly sunny,Partly sunny,partly_sunny,none,0.0,15.454166666666666,1.9208333333333334
2023-05-15,19.125,Sunny,Sunny,sunny,none,0.0,16.2625,1.5041666666666667
2023-05-16,55.375,Sunny,Sunny,sunny,none,0.0,16.045833333333334,2.0166666666666666
2023-05-17,12.583333333333334,Sunny,Sunny,sunny,none,0.0,15.85,3.2083333333333335
2023-05-18,28.666666666666668,Partly sunny,Partly sunny,partly_sunny,none,0.0,18.204166666666666,3.3958333333333335
2023-05-19,58.375,Mostly cloudy,Mostly cloudy,mostly_cloudy,none,0.0,17.995833333333334,3.1333333333333333
2023-05-20,76.54166666666667,Cloudy,Cloudy,cloudy,none,0.0,18.466666666666665,2.5625
2023-05-21,91.20833333333333,Overcast,Overcast,overcast,none,0.012499999999999999,17.454166666666666,2.9375
2023-05-22,95.25,Overcast,Overcast,overcast,none,0.09999999999999999,16.891666666666666,3.1833333333333336
2023-05-23,73.5,Partly sunny,Partly sunny,partly_sunny,none,0.041666666666666664,16.604166666666668,2.0166666666666666
2023-05-24,79.58333333333333,Overcast,Overcast,overcast,none,0.575,16.658333333333335,2.2666666666666666
2023-05-25,78.25,Overcast,Overcast,overcast,none,0.19999999999999998,17.820833333333333,1.6375
2023-05-26,93.375,Overcast,Overcast,overcast,none,0.05416666666666667,18.604166666666668,0.9583333333333334
2023-05-27,99.58333333333333,Rain,Rain,rain,rain,1.0875000000000001,15.508333333333333,2.1458333333333335
2023-05-28,77.5,Overcast,Overcast,overcast,none,0.0625,17.854166666666668,2.1166666666666667
2023-05-29,92.25,Light rain,Light rain,light_rain,rain,0.5166666666666667,17.712500000000002,4.2
2023-05-30,97.66666666666667,Overcast,Overcast,overcast,none,0.3708333333333333,18.675,1.95
2023-05-31,94.33333333333333,Overcast,Overcast,overcast,none,0.32916666666666666,16.758333333333333,2.0124999999999997
2023-06-01,76.41666666666667,Overcast,Overcast,overcast,none,0.0375,17.029166666666665,2.225
2023-06-02,44.375,Partly sunny,Partly sunny,partly_sunny,none,0.008333333333333333,17.820833333333333,1.6500000000000001
2023-06-03,17.458333333333332,Sunny,Sunny,sunny,none,0.0,18.608333333333334,2.4458333333333333
2023-06-04,4.791666666666667,Sunny,Sunny,sunny,none,0.0,14.733333333333334,4.2124999999999995
2023-06-05,0.041666666666666664,Sunny,Sunny,sunny,none,0.0,15.241666666666667,3.4875000000000003
2023-06-06,12.208333333333334,Sunny,Sunny,sunny,none,0.0,15.004166666666668,2.308333333333333
2023-06-07,42.583333333333336,Partly sunny,Partly sunny,partly_sunny,none,0.0,17.033333333333335,1.3958333333333333
2023-06-08,64.54166666666667,Overcast,Overcast,overcast,none,0.0,18.320833333333333,2.0458333333333334
2023-06-09,49.666666666666664,Sunny,Sunny,sunny,none,0.0,20.054166666666667,3.2541666666666664
2023-06-10,98.875,Overcast,Overcast,overcast,none,0.0,21.229166666666668,3.9333333333333336
2023-06-11,97.33333333333333,Overcast,Overcast,overcast,none,0.18333333333333335,16.45,4.229166666666667
2023-06-12,76.04166666666667,Overcast,Overcast,overcast,none,0.0,15.799999999999999,3.466666666666667
2023-06-13,75.375,Overcast,Overcast,overcast,none,0.075,17.5125,3.0083333333333333
2023-06-14,81.29166666666667,Overcast,Overcast,overcast,none,0.0,18.795833333333334,2.470833333333333
2023-06-15,42.5,Partly sunny,Partly sunny,partly_sunny,none,0.0,20.733333333333334,2.3000000000000003
2023-06-16,82.29166666666667,Overcast,Overcast,overcast,none,0.0,19.904166666666665,2.6166666666666667
2023-06-17,42.208333333333336,Partly sunny,Partly sunny,partly_sunny,none,0.0,20.3625,3.2375000000000003
2023-06-18,29.916666666666668,Sunny,Sunny,sunny,none,0.0,21.225,3.7416666666666667
2023-06-19,0.375,Sunny,Sunny,sunny,none,0.0,19.650000000000002,3.1875
2023-06-20,18.0,Sunny,Sunny,sunny,none,0.0,19.933333333333334,1.4208333333333334
2023-06-21,51.458333333333336,Mostly cloudy,Mostly cloudy,mostly_cloudy,none,0.0,19.966666666666665,2.2875
2023-06-22,8.041666666666666,Sunny,Sunny,sunny,none,0.0,18.079166666666666,2.316666666666667
2023-06-23,74.83333333333333,Overcast,Overcast,overcast,none,0.0,20.691666666666666,2.9416666666666664
2023-06-24,59.375,Partly sunny,Partly sunny,partly_sunny,none,0.37083333333333335,22.8,3.2624999999999997
2023-06-25,77.95833333333333,Mostly cloudy,Mostly cloudy,mostly_cloudy,none,0.5041666666666667,20.920833333333334,1.2125000000000001
2023-06-26,89.5,Overcast,Overcast,overcast,none,0.7041666666666666,19.245833333333334,1.9541666666666666
2023-06-27,40.916666666666664,Partly sunny,Partly sunny,partly_sunny,none,0.0,17.962500000000002,3.545833333333333
2023-06-28,56.916666666666664,Partly sunny,Partly sunny,partly_sunny,none,0.1375,19.804166666666667,2.341666666666667
2023-06-29,84.58333333333333,Overcast,Overcast,overcast,none,0.15833333333333333,15.670833333333334,2.4250000000000003
2023-06-30,57.416666666666664,Partly sunny,Partly sunny,partly_sunny,none,0.012499999999999999,18.150000000000002,4.245833333333333
2023-07-01,29.583333333333332,Partly sunny,Partly sunny,partly_sunny,none,0.012499999999999999,19.841666666666665,3.4291666666666667
2023-07-02,43.416666666666664,Partly sunny,Partly sunny,partly_sunny,none,0.0,22.65416666666667,2.4499999999999997
2023-07-03,23.958333333333332,Partly sunny,Partly sunny,partly_sunny,none,0.0,22.775000000000002,1.9791666666666667
2023-07-04,17.958333333333332,Partly sunny,Partly sunny,partly_sunny,none,0.0,24.020833333333332,1.3666666666666665
2023-07-05,14.583333333333334,Sunny,Sunny,sunny,none,0.0,26.120833333333334,2.6625
2023-07-06,11.5,Sunny,Sunny,sunny,none,0.0,27.170833333333334,3.5708333333333333
2023-07-07,10.541666666666666,Sunny,Sunny,sunny,none,0.0,26.97083333333333,3.533333333333333
2023-07-08,92.95833333333333,Overcast,Overcast,overcast,none,0.2625,21.96666666666667,2.716666666666667
2023-07-09,98.375,Overcast,Overcast,overcast,none,0.15833333333333335,20.537499999999998,4.3374999999999995
2023-07-10,63.125,Overcast,Overcast,overcast,none,0.0,19.65,4.370833333333334
2023-07-11,35.416666666666664,Partly sunny,Partly sunny,partly_sunny,none,0.3541666666666667,17.079166666666666,2.8125
2023-07-12,44.5,Partly sunny,Partly sunny,partly_sunny,none,0.020833333333333332,17.599999999999998,2.025
2023-07-13,19.125,Sunny,Sunny,sunny,none,0.0,20.045833333333334,2.3249999999999997
2023-07-14,85.25,Overcast,Overcast,overcast,none,0.18333333333333335,21.65416666666667,4.241666666666666
2023-07-15,26.25,Sunny,Sunny,sunny,none,0.016666666666666666,21.054166666666667,3.9416666666666664
2023-07-16,21.708333333333332,Partly sunny,Partly sunny,partly_sunny,none,0.0,19.6875,3.65
2023-07-17,14.791666666666666,Sunny,Sunny,sunny,none,0.0,20.462500000000002,2.8041666666666667
2023-07-18,56.375,Overcast,Overcast,overcast,none,0.0,21.825,1.7750000000000001
2023-07-19,40.291666666666664,Partly sunny,Partly sunny,partly_sunny,none,0.03333333333333333,19.912499999999998,2.9
2023-07-20,71.45833333333333,Overcast,Overcast,overcast,none,0.05416666666666667,20.224999999999998,2.7375000000000003
2023-07-21,40.5,Sunny,Sunny,sunny,none,0.19999999999999998,21.566666666666666,3.6166666666666667
2023-07-22,33.5,Partly sunny,Partly sunny,partly_sunny,none,0.0,21.504166666666666,1.4749999999999999
2023-07-23,71.75,Cloudy,Cloudy,cloudy,none,0.5625,20.912499999999998,2.7583333333333333
2023-07-24,25.5,Sunny,Sunny,sunny,none,0.0,20.408333333333335,3.1125000000000003
2023-07-25,0.4166666666666667,Sunny,Sunny,sunny,none,0.0,21.900000000000002,1.8583333333333334
2023-07-26,2.7916666666666665,Sunny,Sunny,sunny,none,0.0,23.483333333333334,3.5124999999999997
2023-07-27,29.875,Sunny,Sunny,sunny,none,0.0,25.400000000000002,3.720833333333333
2023-07-28,93.95833333333333,Overcast,Overcast,overcast,none,0.4791666666666667,19.670833333333334,2.5124999999999997
2023-07-29,48.666666666666664,Partly sunny,Partly sunny,partly_sunny,none,0.0,19.712500000000002,4.929166666666666
2023-07-30,33.041666666666664,Partly sunny,Partly sunny,partly_sunny,none,0.0,21.241666666666667,1.6458333333333333
2023-07-31,36.833333333333336,Sunny,Sunny,sunny,none,0.0,22.745833333333334,1.0208333333333333
2023-08-01,49.125,Mostly cloudy,Mostly cloudy,mostly_cloudy,none,0.0,24.09583333333333,2.0625
2023-08-02,51.333333333333336,Partly sunny,Partly sunny,partly_sunny,none,0.07916666666666668,22.133333333333336,1.8125
2023-08-03,28.958333333333332,Sunny,Sunny,sunny,none,0.0,23.224999999999998,1.6666666666666667
2023-08-04,25.375,Sunny,Sunny,sunny,none,0.0,24.320833333333336,1.3875
2023-08-05,0.125,Sunny,Sunny,sunny,none,0.0,26.445833333333336,3.1625
2023-08-06,0.0,Sunny,Sunny,sunny,none,0.0,28.775000000000002,4.904166666666667
2023-08-07,0.041666666666666664,Sunny,Sunny,sunny,none,0.0,27.2375,3.9333333333333336
2023-08-08,8.458333333333334,Sunny,Sunny,sunny,none,0.0,23.858333333333334,2.3874999999999997
2023-08-09,8.916666666666666,Sunny,Sunny,sunny,none,0.0,23.491666666666664,2.8041666666666667
2023-08-10,37.583333333333336,Partly sunny,Partly sunny,partly_sunny,none,0.024999999999999998,24.212500000000002,3.3541666666666665
2023-08-11,63.916666666666664,Rain,Rain,rain,none,0.9791666666666666,22.229166666666668,2.4625
2023-08-12,48.375,Sunny,Sunny,sunny,none,0.0,22.004166666666666,2.6166666666666667
2023-08-13,0.041666666666666664,Sunny,Sunny,sunny,none,0.0,21.091666666666665,2.0208333333333335
2023-08-14,0.041666666666666664,Sunny,Sunny,sunny,none,0.0,22.02916666666667,2.35
2023-08-15,0.0,Sunny,Sunny,sunny,none,0.0,23.962500000000002,2.4833333333333334
2023-08-16,10.416666666666666,Sunny,Sunny,sunny,none,0.0,24.608333333333334,2.620833333333333
2023-08-17,0.7916666666666666,Sunny,Sunny,sunny,none,0.0,24.133333333333336,3.1875
2023-08-18,19.083333333333332,Sunny,Sunny,sunny,none,0.0,23.608333333333334,2.8541666666666665
2023-08-19,1.0833333333333333,Sunny,Sunny,sunny,none,0.0,26.070833333333336,2.9875000000000003
2023-08-20,9.166666666666666,Sunny,Sunny,sunny,none,0.0,26.4375,2.4541666666666666
2023-08-21,22.875,Sunny,Sunny,sunny,none,0.0,25.5,1.8125
2023-08-22,14.666666666666666,Sunny,Sunny,sunny,none,0.0,23.0125,3.0375
2023-08-23,27.291666666666668,Sunny,Sunny,sunny,none,0.0,19.804166666666667,3.1208333333333336
2023-08-24,11.208333333333334,Sunny,Sunny,sunny,none,0.0,18.366666666666667,2.2916666666666665
2023-08-25,31.375,Partly sunny,Partly sunny,partly_sunny,none,0.0,19.029166666666665,2.2083333333333335
2023-08-26,33.791666666666664,Sunny,Sunny,sunny,none,0.0,18.920833333333334,1.4000000000000001
2023-08-27,47.458333333333336,Partly sunny,Partly sunny,partly_sunny,none,0.0,21.6125,2.845833333333333
2023-08-28,6.333333333333333,Sunny,Sunny,sunny,none,0.0,23.691666666666666,2.1999999999999997
2023-08-29,0.041666666666666664,Sunny,Sunny,sunny,none,0.0,20.724999999999998,2.7083333333333335
2023-08-30,1.0,Sunny,Sunny,sunny,none,0.0,19.358333333333334,2.7541666666666664
2023-08-31,15.791666666666666,Sunny,Sunny,sunny,none,0.0,21.462500000000002,2.966666666666667
2023-09-01,85.625,Overcast,Overcast,overcast,none,0.0,22.2,2.2666666666666666
2023-09-02,66.70833333333333,Overcast,Overcast,overcast,none,0.0,20.5,3.266666666666667
2023-09-03,18.916666666666668,Partly sunny,Partly sunny,partly_sunny,none,0.0,20.741666666666667,3.1458333333333335
2023-09-04,82.375,Overcast,Overcast,overcast,none,0.0,20.575,3.0583333333333336
2023-09-05,28.875,Sunny,Sunny,sunny,none,0.0,17.520833333333332,3.1166666666666667
2023-09-06,15.958333333333334,Sunny,Sunny,sunny,none,0.0,18.483333333333334,2.154166666666667
2023-09-07,19.208333333333332,Sunny,Sunny,sunny,none,0.0,17.1375,3.2708333333333335
2023-09-08,15.0,Sunny,Sunny,sunny,none,0.0,14.079166666666666,2.475
2023-09-09,31.708333333333332,Partly sunny,Partly sunny,partly_sunny,none,0.0,11.858333333333334,3.9
2023-09-10,35.333333333333336,Sunny,Sunny,sunny,none,0.0,12.9625,3.2875
2023-09-11,45.791666666666664,Partly sunny,Partly sunny,partly_sunny,none,0.0,14.329166666666666,1.9291666666666665
2023-09-12,44.291666666666664,Partly sunny,Partly sunny,partly_sunny,none,0.0,14.525,1.6375
2023-09-13,40.416666666666664,Partly sunny,Partly sunny,partly_sunny,none,0.0,14.799999999999999,1.7625
2023-09-14,34.666666666666664,Partly sunny,Partly sunny,partly_sunny,none,0.0,15.225,1.4708333333333332
2023-09-15,97.45833333333333,Rain,Rain,rain,rain,1.4583333333333333,13.979166666666666,3.15
2023-09-16,51.833333333333336,Partly sunny,Partly sunny,partly_sunny,none,0.0,14.670833333333334,3.4499999999999997
2023-09-17,21.083333333333332,Sunny,Sunny,sunny,none,0.0,14.754166666666668,2.6625
2023-09-18,0.0,Sunny,Sunny,sunny,none,0.0,15.308333333333332,1.9958333333333333
2023-09-19,0.08333333333333333,Sunny,Sunny,sunny,none,0.0,16.320833333333333,1.9291666666666665
2023-09-20,1.4583333333333333,Sunny,Sunny,sunny,none,0.0,16.95,3.0416666666666665
2023-09-21,7.791666666666667,Sunny,Sunny,sunny,none,0.0,17.2375,3.3874999999999997
2023-09-22,0.2916666666666667,Sunny,Sunny,sunny,none,0.0,18.287499999999998,4.279166666666667
2023-09-23,21.5,Sunny,Sunny,sunny,none,0.0,18.641666666666666,4.120833333333334
2023-09-24,5.375,Sunny,Sunny,sunny,none,0.0,18.837500000000002,4.1000000000000005
2023-09-25,0.6666666666666666,Sunny,Sunny,sunny,none,0.0,18.270833333333332,3.2624999999999997
2023-09-26,8.25,Sunny,Sunny,sunny,none,0.0,18.279166666666665,3.2583333333333333
2023-09-27,0.0,Sunny,Sunny,sunny,none,0.0,18.599999999999998,3.5749999999999997
2023-09-28,0.0,Sunny,Sunny,sunny,none,0.0,18.8125,3.766666666666667
2023-09-29,0.0,Sunny,Sunny,sunny,none,0.0,17.841666666666665,3.1125000000000003
2023-09-30,0.0,Sunny,Sunny,sunny,none,0.0,17.183333333333334,2.2708333333333335
2023-10-01,29.958333333333332,Sunny,Sunny,sunny,none,0.0,16.2375,1.875
2023-10-02,43.0,Partly sunny,Partly sunny,partly_sunny,none,0.024999999999999998,15.179166666666667,2.7083333333333335
2023-10-03,16.458333333333332,Sunny,Sunny,sunny,none,0.0,11.241666666666667,3.1625
2023-10-04,39.25,Sunny,Sunny,sunny,none,0.0,12.083333333333334,2.0208333333333335
2023-10-05,54.583333333333336,Overcast,Overcast,overcast,none,0.016666666666666666,12.266666666666666,2.5708333333333333
2023-10-06,65.125,Overcast,Overcast,overcast,none,0.008333333333333333,11.404166666666667,3.6166666666666667
2023-10-07,82.70833333333333,Overcast,Overcast,overcast,none,0.0,11.862499999999999,5.1499999999999995
2023-10-08,86.16666666666667,Rain,Rain,rain,none,0.6041666666666666,8.933333333333334,5.170833333333333
2023-10-09,64.20833333333333,Overcast,Overcast,overcast,none,0.0,4.845833333333333,5.104166666666667
2023-10-10,48.333333333333336,Sunny,Sunny,sunny,none,0.0,5.1375,2.983333333333333
2023-10-11,4.25,Sunny,Sunny,sunny,none,0.0,2.783333333333333,2.4541666666666666
2023-10-12,13.083333333333334,Sunny,Sunny,sunny,none,0.0,5.8125,3.5875
2023-10-13,80.25,Overcast,Overcast,overcast,none,0.0,10.308333333333334,2.5166666666666666
2023-10-14,45.125,Sunny,Sunny,sunny,none,0.0,12.166666666666666,1.9291666666666665
2023-10-15,0.0,Sunny,Sunny,sunny,none,0.0,11.4,2.254166666666667
2023-10-16,58.625,Overcast,Overcast,overcast,none,0.13749999999999998,8.508333333333333,4.7
2023-10-17,57.666666666666664,Mostly cloudy,Mostly cloudy,mostly_cloudy,none,0.0,5.008333333333334,4.195833333333334
2023-10-18,1.2916666666666667,Sunny,Sunny,sunny,none,0.0,2.9875000000000003,1.7416666666666665
2023-10-19,75.79166666666667,Overcast,Overcast,overcast,none,0.0,7.25,3.529166666666667
2023-10-20,81.625,Overcast,Overcast,overcast,none,0.0,12.329166666666666,5.004166666666666
2023-10-21,88.83333333333333,Overcast,Overcast,overcast,none,0.0,14.979166666666666,3.65
2023-10-22,82.79166666666667,Overcast,Overcast,overcast,none,0.0,9.5375,3.8249999999999997
2023-10-23,66.875,Overcast,Overcast,overcast,none,0.0,14.758333333333333,3.5625
2023-10-24,74.29166666666667,Overcast,Overcast,overcast,none,0.0,11.308333333333332,3.6875
2023-10-25,97.5,Overcast,Overcast,overcast,none,0.31666666666666665,8.1,2.8625000000000003
2023-10-26,92.79166666666667,Overcast,Overcast,overcast,none,0.05833333333333334,11.512500000000001,2.9250000000000003
2023-10-27,95.375,Overcast,Overcast,overcast,none,0.0,13.299999999999999,3.279166666666667
2023-10-28,40.875,Sunny,Sunny,sunny,none,0.16666666666666666,14.987499999999999,6.220833333333334
2023-10-29,25.041666666666668,Sunny,Sunny,sunny,none,0.0,11.008333333333333,3.358333333333333
2023-10-30,61.375,Overcast,Overcast,overcast,none,0.0,10.5875,2.766666666666667
2023-10-31,11.041666666666666,Sunny,Sunny,sunny,none,0.0,12.554166666666667,2.629166666666667
2023-11-01,55.708333333333336,Sunny,Sunny,sunny,none,0.12916666666666668,12.975,3.4291666666666667
2023-11-02,98.25,Overcast,Overcast,overcast,none,0.0,9.833333333333334,2.8083333333333336
2023-11-03,82.875,Overcast,Overcast,overcast,none,0.1125,8.454166666666667,4.0
2023-11-04,94.04166666666667,Overcast,Overcast,overcast,none,0.0,11.983333333333334,5.1375
2023-11-05,64.83333333333333,Overcast,Overcast,overcast,none,0.0,12.704166666666666,4.6499999999999995
2023-11-06,63.625,Overcast,Overcast,overcast,none,0.2625,12.133333333333333,4.029166666666667
2023-11-07,0.5416666666666666,Sunny,Sunny,sunny,none,0.0,9.208333333333334,3.5541666666666667
2023-11-08,77.29166666666667,Overcast,Overcast,overcast,none,0.26666666666666666,9.566666666666666,3.4625
2023-11-09,78.33333333333333,Overcast,Overcast,overcast,none,0.5375,8.554166666666667,4.916666666666667
2023-11-10,78.5,Overcast,Overcast,overcast,none,0.0,4.5625,2.5541666666666667
2023-11-11,87.625,Overcast,Overcast,overcast,none,0.012499999999999999,5.7,5.05
2023-11-12,66.04166666666667,Partly sunny,Partly sunny,partly_sunny,none,0.07916666666666668,11.112499999999999,6.483333333333333
2023-11-13,80.66666666666667,Overcast,Overcast,overcast,none,0.0,6.2250000000000005,3.15
2023-11-14,81.375,Overcast,Overcast,overcast,none,0.2583333333333333,5.8999999999999995,3.1666666666666665
2023-11-15,93.625,Overcast,Overcast,overcast,none,0.0,7.2749999999999995,2.766666666666667
2023-11-16,94.79166666666667,Overcast,Overcast,overcast,none,0.17916666666666667,6.95,2.4541666666666666
2023-11-17,96.58333333333333,Overcast,Overcast,overcast,none,0.0,4.391666666666667,3.3791666666666664
2023-11-18,99.79166666666667,Overcast,Overcast,overcast,none,0.0,2.558333333333333,4.433333333333334
2023-11-19,100.0,Overcast,Overcast,overcast,rain,0.49583333333333335,2.0375,6.3875
2023-11-20,99.91666666666667,Overcast,Overcast,overcast,none,0.17500000000000002,-0.2791666666666666,3.5041666666666664
2023-11-21,90.70833333333333,Overcast,Overcast,overcast,none,0.0,-4.133333333333334,4.325
2023-11-22,88.79166666666667,Overcast,Overcast,overcast,none,0.0,-4.5,2.1374999999999997
2023-11-23,91.41666666666667,Overcast,Overcast,overcast,none,0.004166666666666667,-4.295833333333333,4.3999999999999995
2023-11-24,92.25,Overcast,Overcast,overcast,none,0.06666666666666667,3.795833333333333,5.204166666666667
2023-11-25,99.95833333333333,Overcast,Overcast,overcast,rain,0.4666666666666666,3.158333333333333,3.0124999999999997
2023-11-26,93.16666666666667,Overcast,Overcast,overcast,none,0.37083333333333335,8.758333333333333,6.145833333333333
2023-11-27,90.0,Overcast,Overcast,overcast,none,0.0,-0.41250000000000003,7.5625
2023-11-28,46.916666666666664,Partly sunny,Partly sunny,partly_sunny,none,0.0,-0.6333333333333334,3.6666666666666665
2023-11-29,99.20833333333333,Overcast,Overcast,overcast,none,0.3625,3.9,6.033333333333334
2023-11-30,72.58333333333333,Overcast,Overcast,overcast,none,0.029166666666666664,-0.26666666666666666,2.0416666666666665
2023-12-01,99.91666666666667,Light rain,Light rain,light_rain,rain,0.3625,3.5041666666666664,4.145833333333333
2023-12-02,100.0,Overcast,Overcast,overcast,none,0.05416666666666667,5.6499999999999995,2.6374999999999997
2023-12-03,96.45833333333333,Overcast,Overcast,overcast,none,0.0,9.079166666666667,4.425
2023-12-04,99.08333333333333,Overcast,Overcast,overcast,none,0.0,-0.875,3.6458333333333335
2023-12-05,84.5,Overcast,Overcast,overcast,none,0.0,-2.4833333333333334,1.7708333333333333
2023-12-06,96.16666666666667,Overcast,Overcast,overcast,none,0.0,-2.5166666666666666,4.691666666666666
2023-12-07,99.25,Overcast,Overcast,overcast,none,0.0,-1.8916666666666666,5.445833333333333
2023-12-08,99.58333333333333,Overcast,Overcast,overcast,none,0.07916666666666668,-2.0416666666666665,5.858333333333333
2023-12-09,99.95833333333333,Overcast,Overcast,overcast,none,0.12916666666666668,-1.1624999999999999,4.795833333333333
2023-12-10,99.66666666666667,Overcast,Overcast,overcast,none,0.0,-2.8083333333333336,4.008333333333334
2023-12-11,100.0,Overcast,Overcast,overcast,none,0.09583333333333333,-1.9833333333333334,4.333333333333333
2023-12-12,100.0,Overcast,Overcast,overcast,none,0.13749999999999998,-2.5625,5.129166666666666
2023-12-13,99.33333333333333,Overcast,Overcast,overcast,none,0.04583333333333334,-6.6125,3.9333333333333336
2023-12-14,99.95833333333333,Overcast,Overcast,overcast,none,0.0,-4.241666666666666,5.3125
2023-12-15,99.91666666666667,Overcast,Overcast,overcast,none,0.2125,-2.129166666666667,4.645833333333333
2023-12-16,94.83333333333333,Overcast,Overcast,overcast,none,0.0,-2.4791666666666665,2.370833333333333
2023-12-17,90.16666666666667,Overcast,Overcast,overcast,none,0.0,-1.0625,3.5
2023-12-18,100.0,Overcast,Overcast,overcast,none,0.0375,1.925,3.358333333333333
2023-12-19,99.875,Overcast,Overcast,overcast,none,0.0,2.3833333333333333,2.5791666666666666
2023-12-20,92.41666666666667,Overcast,Overcast,overcast,none,0.0,4.845833333333333,4.8125
2023-12-21,97.625,Overcast,Overcast,overcast,none,0.0,6.0625,3.8708333333333336
2023-12-22,99.70833333333333,Overcast,Overcast,overcast,none,0.1708333333333333,5.833333333333333,3.716666666666667
2023-12-23,97.875,Overcast,Overcast,overcast,none,0.3333333333333333,1.8916666666666666,3.095833333333333
2023-12-24,95.0,Overcast,Overcast,overcast,none,0.06666666666666667,-0.9874999999999999,4.733333333333333
2023-12-25,97.08333333333333,Overcast,Overcast,overcast,none,0.22916666666666666,0.01666666666666668,4.5625
2023-12-26,71.83333333333333,Partly sunny,Partly sunny,partly_sunny,none,0.025000000000000005,4.833333333333333,5.291666666666667
2023-12-27,67.875,Partly sunny,Partly sunny,partly_sunny,none,0.008333333333333333,5.120833333333334,5.4125000000000005
2023-12-28,62.458333333333336,Partly sunny,Partly sunny,partly_sunny,none,0.0,0.8708333333333332,4.804166666666666
2023-12-29,99.33333333333333,Overcast,Overcast,overcast,none,0.0,3.975,4.004166666666666
2023-12-30,71.75,Overcast,Overcast,overcast,none,0.0,4.5375000000000005,2.9250000000000003
2023-12-31,78.70833333333333,Overcast,Overcast,overcast,none,0.0,2.6416666666666666,4.2
2024-01-01,39.333333333333336,Partly sunny,Partly sunny,partly_sunny,none,0.0,1.6583333333333332,3.3833333333333333
2024-01-02,100.0,Overcast,Overcast,overcast,none,0.020833333333333332,5.179166666666666,4.4375
2024-01-03,99.375,Overcast,Overcast,overcast,none,0.05833333333333333,-1.4583333333333333,3.2875
2024-01-04,85.29166666666667,Overcast,Overcast,overcast,none,0.10416666666666667,3.3375,3.345833333333333
2024-01-05,99.33333333333333,Overcast,Overcast,overcast,none,0.1875,3.6791666666666667,2.983333333333333
2024-01-06,94.33333333333333,Overcast,Overcast,overcast,none,0.0,0.1708333333333333,3.5041666666666664
2024-01-07,99.83333333333333,Overcast,Overcast,overcast,none,0.2041666666666667,-0.3958333333333333,4.041666666666667
2024-01-08,99.95833333333333,Light snow,Light snow,light_snow,snow,0.425,-7.8,5.441666666666666
2024-01-09,75.0,Overcast,Overcast,overcast,none,0.0,-12.366666666666667,3.6958333333333333
2024-01-10,95.29166666666667,Overcast,Overcast,overcast,none,0.0,-7.141666666666667,3.9250000000000003
2024-01-11,99.75,Light snow,Light snow,light_snow,none,0.06666666666666667,-2.775,5.0249999999999995
2024-01-12,75.83333333333333,Overcast,Overcast,overcast,none,0.020833333333333332,-10.433333333333334,4.3500000000000005
2024-01-13,61.708333333333336,Overcast,Overcast,overcast,none,0.0,-15.0625,2.3916666666666666
2024-01-14,83.0,Overcast,Overcast,overcast,none,0.15,-10.737499999999999,4.016666666666667
2024-01-15,90.41666666666667,Overcast,Overcast,overcast,none,0.020833333333333332,-1.6833333333333333,3.9958333333333336
2024-01-16,90.16666666666667,Overcast,Overcast,overcast,none,0.4333333333333333,1.4083333333333332,5.929166666666667
2024-01-17,34.916666666666664,Sunny,Sunny,sunny,none,0.0,-4.475,2.670833333333333
2024-01-18,97.45833333333333,Overcast,Overcast,overcast,none,0.07083333333333335,0.38333333333333336,5.020833333333333
2024-01-19,100.0,Overcast,Overcast,overcast,none,0.1708333333333333,5.733333333333333,5.004166666666666
2024-01-20,99.375,Overcast,Overcast,overcast,none,0.09166666666666667,0.6708333333333334,4.2250000000000005
2024-01-21,64.91666666666667,Overcast,Overcast,overcast,none,0.0,-4.283333333333333,2.0458333333333334
2024-01-22,93.70833333333333,Overcast,Overcast,overcast,none,0.0,-7.8999999999999995,2.3625000000000003
2024-01-23,35.458333333333336,Sunny,Sunny,sunny,none,0.0,-8.154166666666667,2.8208333333333333
2024-01-24,61.541666666666664,Partly sunny,Partly sunny,partly_sunny,none,0.0,-7.708333333333333,2.6458333333333335
2024-01-25,97.33333333333333,Light snow,Light snow,light_snow,snow,0.20833333333333334,-2.4499999999999997,3.6166666666666667
2024-01-26,99.66666666666667,Overcast,Overcast,overcast,none,0.05833333333333333,0.6416666666666667,2.4291666666666667
2024-01-27,94.16666666666667,Overcast,Overcast,overcast,none,0.0,0.08333333333333333,1.8166666666666667
2024-01-28,98.29166666666667,Overcast,Overcast,overcast,none,0.012500000000000002,-0.6208333333333333,2.216666666666667
2024-01-29,40.166666666666664,Sunny,Sunny,sunny,none,0.0,-1.6708333333333334,2.8708333333333336
2024-01-30,44.791666666666664,Partly sunny,Partly sunny,partly_sunny,none,0.0,-0.9541666666666667,2.6625
2024-01-31,49.375,Partly sunny,Partly sunny,partly_sunny,none,0.0,0.2416666666666667,2.1791666666666667
2024-02-01,69.625,Partly sunny,Partly sunny,partly_sunny,none,0.0,1.1416666666666666,3.529166666666667
2024-02-02,67.79166666666667,Overcast,Overcast,overcast,none,0.0,0.8083333333333332,4.095833333333333
2024-02-03,88.875,Overcast,Overcast,overcast,none,0.14166666666666666,-0.17500000000000002,4.8500000000000005
2024-02-04,93.25,Overcast,Overcast,overcast,none,0.0375,2.670833333333333,4.575
2024-02-05,88.91666666666667,Overcast,Overcast,overcast,rain,0.3416666666666666,1.625,5.783333333333334
2024-02-06,80.04166666666667,Overcast,Overcast,overcast,none,0.05833333333333333,0.4708333333333334,4.745833333333334
2024-02-07,63.75,Partly sunny,Partly sunny,partly_sunny,none,0.0,5.441666666666666,4.7875000000000005
2024-02-08,98.875,Overcast,Overcast,overcast,none,0.17916666666666667,3.5041666666666664,3.3708333333333336
2024-02-09,99.95833333333333,Overcast,Overcast,overcast,none,0.42916666666666664,0.054166666666666675,2.091666666666667
2024-02-10,100.0,Rain,Rain,rain,rain,0.5499999999999999,0.6291666666666667,2.8666666666666667
2024-02-11,100.0,Overcast,Overcast,overcast,none,0.016666666666666666,4.758333333333334,3.1
2024-02-12,98.66666666666667,Overcast,Overcast,overcast,none,0.012499999999999999,7.129166666666666,3.1041666666666665
2024-02-13,99.75,Overcast,Overcast,overcast,none,0.0,7.054166666666667,2.2041666666666666
2024-02-14,96.875,Overcast,Overcast,overcast,none,0.0,6.804166666666667,3.5833333333333335
2024-02-15,92.375,Overcast,Overcast,overcast,none,0.0,-0.7000000000000001,5.145833333333333
2024-02-16,60.416666666666664,Partly sunny,Partly sunny,partly_sunny,none,0.0,-4.041666666666667,4.45
2024-02-17,15.291666666666666,Sunny,Sunny,sunny,none,0.0,-3.6208333333333336,3.0416666666666665
2024-02-18,89.70833333333333,Overcast,Overcast,overcast,none,0.041666666666666664,-2.2333333333333334,1.5999999999999999
2024-02-19,91.875,Overcast,Overcast,overcast,none,0.004166666666666667,-1.325,2.6791666666666667
2024-02-20,94.95833333333333,Overcast,Overcast,overcast,none,0.0,-2.9875000000000003,2.375
2024-02-21,85.91666666666667,Overcast,Overcast,overcast,none,0.0,-3.108333333333333,2.3333333333333335
2024-02-22,79.91666666666667,Overcast,Overcast,overcast,none,0.0,-2.0541666666666667,2.6416666666666666
2024-02-23,56.375,Overcast,Overcast,overcast,none,0.0,-0.1125,3.5875
2024-02-24,37.083333333333336,Sunny,Sunny,sunny,none,0.0,1.4416666666666667,5.095833333333333
2024-02-25,62.875,Overcast,Overcast,overcast,none,0.0,0.2833333333333333,5.670833333333333
2024-02-26,93.91666666666667,Overcast,Overcast,overcast,none,0.0,0.17500000000000002,5.604166666666667
2024-02-27,6.166666666666667,Sunny,Sunny,sunny,none,0.0,1.2916666666666667,5.245833333333334
2024-02-28,0.7083333333333334,Sunny,Sunny,sunny,none,0.0,1.075,4.354166666666667
2024-02-29,35.0,Sunny,Sunny,sunny,none,0.0,1.4916666666666665,3.1958333333333333
2024-03-01,21.625,Sunny,Sunny,sunny,none,0.0,1.1291666666666667,2.7708333333333335
2024-03-02,82.0,Overcast,Overcast,overcast,none,0.0,2.1708333333333334,5.091666666666667
2024-03-03,96.95833333333333,Overcast,Overcast,overcast,none,0.0,2.4083333333333337,5.8500000000000005
2024-03-04,82.04166666666667,Overcast,Overcast,overcast,none,0.0,2.4833333333333334,4.154166666666667
2024-03-05,78.66666666666667,Cloudy,Cloudy,cloudy,none,0.0,1.9708333333333332,2.6958333333333333
2024-03-06,79.125,Mostly cloudy,Mostly cloudy,mostly_cloudy,none,0.0,0.2708333333333333,3.8333333333333335
2024-03-07,25.25,Sunny,Sunny,sunny,none,0.0,-2.4,2.8249999999999997
2024-03-08,25.625,Sunny,Sunny,sunny,none,0.0,-3.1458333333333335,1.5958333333333332
2024-03-09,45.541666666666664,Partly sunny,Partly sunny,partly_sunny,none,0.0,0.6583333333333333,2.379166666666667
2024-03-10,72.16666666666667,Partly sunny,Partly sunny,partly_sunny,none,0.016666666666666666,1.9416666666666667,2.0708333333333333
2024-03-11,51.25,Sunny,Sunny,sunny,none,0.0,-1.4124999999999999,2.5166666666666666
2024-03-12,52.291666666666664,Overcast,Overcast,overcast,none,0.0,-0.3666666666666667,2.5875
2024-03-13,98.0,Overcast,Overcast,overcast,none,0.004166666666666667,2.2666666666666666,5.979166666666667
2024-03-14,99.625,Overcast,Overcast,overcast,none,0.14166666666666666,2.3375,5.029166666666667
2024-03-15,99.66666666666667,Overcast,Overcast,overcast,none,0.06666666666666667,3.1374999999999997,3.2583333333333333
2024-03-16,92.375,Overcast,Overcast,overcast,none,0.0,4.754166666666666,1.4416666666666667
2024-03-17,94.375,Overcast,Overcast,overcast,none,0.008333333333333333,5.6375,1.95
2024-03-18,62.583333333333336,Partly sunny,Partly sunny,partly_sunny,none,0.008333333333333333,6.3625,2.2
2024-03-19,80.75,Overcast,Overcast,overcast,none,0.0,6.629166666666666,3.5041666666666664
2024-03-20,74.04166666666667,Mostly cloudy,Mostly cloudy,mostly_cloudy,none,0.0,4.8500000000000005,3.6833333333333336
2024-03-21,97.79166666666667,Overcast,Overcast,overcast,none,0.0,1.2791666666666666,2.8041666666666667
2024-03-22,82.125,Overcast,Overcast,overcast,none,0.0,0.5333333333333333,2.220833333333333
2024-03-23,91.125,Overcast,Overcast,overcast,none,0.0,1.4708333333333332,1.7166666666666668
2024-03-24,16.291666666666668,Sunny,Sunny,sunny,none,0.0,5.1125,3.5875
2024-03-25,95.875,Overcast,Overcast,overcast,none,0.0,7.766666666666667,3.904166666666667
2024-03-26,48.625,Partly sunny,Partly sunny,partly_sunny,none,0.0375,7.0874999999999995,2.5749999999999997
2024-03-27,34.583333333333336,Partly sunny,Partly sunny,partly_sunny,none,0.0,7.55,2.495833333333333
2024-03-28,33.208333333333336,Sunny,Sunny,sunny,none,0.0,9.583333333333334,3.0541666666666667
2024-03-29,80.0,Overcast,Overcast,overcast,none,0.17916666666666667,11.65,4.570833333333334
2024-03-30,78.08333333333333,Overcast,Overcast,overcast,none,0.0,11.366666666666667,3.6875
2024-03-31,12.5,Sunny,Sunny,sunny,none,0.0,13.245833333333332,2.7541666666666664
2024-04-01,61.916666666666664,Overcast,Overcast,overcast,none,0.0,15.262500000000001,3.795833333333333
2024-04-02,56.0,Overcast,Overcast,overcast,none,0.0,15.883333333333333,4.7625
2024-04-03,85.875,Overcast,Overcast,overcast,none,0.0,13.004166666666668,3.483333333333333
2024-04-04,46.75,Sunny,Sunny,sunny,none,0.0,12.495833333333332,3.4291666666666667
2024-04-05,45.416666666666664,Sunny,Sunny,sunny,none,0.0,7.870833333333334,2.4208333333333334
2024-04-06,48.208333333333336,Sunny,Sunny,sunny,none,0.0,9.883333333333333,1.8583333333333334
2024-04-07,33.708333333333336,Partly sunny,Partly sunny,partly_sunny,none,0.0,13.075000000000001,1.25
2024-04-08,15.916666666666666,Sunny,Sunny,sunny,none,0.0,15.112499999999999,1.3791666666666667
2024-04-09,2.8333333333333335,Sunny,Sunny,sunny,none,0.0,16.025000000000002,1.8125
2024-04-10,0.5833333333333334,Sunny,Sunny,sunny,none,0.0,16.741666666666667,2.1666666666666665
2024-04-11,0.0,Sunny,Sunny,sunny,none,0.0,17.599999999999998,1.7625
2024-04-12,53.541666666666664,Partly sunny,Partly sunny,partly_sunny,none,0.0,18.783333333333335,2.841666666666667
2024-04-13,58.333333333333336,Overcast,Overcast,overcast,none,0.0,15.6875,3.0083333333333333
2024-04-14,55.333333333333336,Partly sunny,Partly sunny,partly_sunny,none,0.0,14.558333333333332,3.0625
2024-04-15,82.33333333333333,Overcast,Overcast,overcast,none,0.10416666666666667,17.2625,4.729166666666667
2024-04-16,44.583333333333336,Partly sunny,Partly sunny,partly_sunny,none,0.0,16.608333333333334,5.4125000000000005
2024-04-17,80.375,Overcast,Overcast,overcast,none,0.0,18.016666666666666,4.433333333333334
2024-04-18,51.375,Overcast,Overcast,overcast,none,0.03333333333333333,18.908333333333335,3.8541666666666665
2024-04-19,24.375,Sunny,Sunny,sunny,none,0.0,11.945833333333333,4.183333333333334
2024-04-20,41.208333333333336,Partly sunny,Partly sunny,partly_sunny,none,0.0,14.720833333333333,4.858333333333333
2024-04-21,76.83333333333333,Overcast,Overcast,overcast,none,0.0,13.820833333333333,5.4875
2024-04-22,38.166666666666664,Sunny,Sunny,sunny,none,0.075,13.041666666666666,2.9958333333333336
2024-04-23,46.375,Partly sunny,Partly sunny,partly_sunny,none,0.0,12.641666666666666,2.5749999999999997
2024-04-24,86.0,Overcast,Overcast,overcast,none,0.0,14.075000000000001,5.1875
2024-04-25,95.79166666666667,Overcast,Overcast,overcast,none,0.020833333333333332,20.3875,4.45
2024-04-26,97.125,Overcast,Overcast,overcast,none,0.0,18.825,2.8208333333333333
2024-04-27,74.95833333333333,Mostly cloudy,Mostly cloudy,mostly_cloudy,none,0.0,20.1125,2.0749999999999997
2024-04-28,75.45833333333333,Overcast,Overcast,overcast,none,0.0,20.745833333333334,3.4375
2024-04-29,77.54166666666667,Overcast,Overcast,overcast,none,0.1125,15.629166666666668,4.979166666666667
2024-04-30,1.0833333333333333,Sunny,Sunny,sunny,none,0.0,14.733333333333334,5.108333333333333
2024-05-01,0.0,Sunny,Sunny,sunny,none,0.0,16.058333333333334,2.908333333333333
2024-05-02,19.125,Sunny,Sunny,sunny,none,0.0,17.208333333333332,2.5416666666666665
2024-05-03,11.166666666666666,Sunny,Sunny,sunny,none,0.0,14.762500000000001,3.7541666666666664
2024-05-04,0.0,Sunny,Sunny,sunny,none,0.0,7.454166666666667,3.9333333333333336
2024-05-05,0.5416666666666666,Sunny,Sunny,sunny,none,0.0,9.825000000000001,2.125
2024-05-06,22.708333333333332,Partly sunny,Partly sunny,partly_sunny,none,0.0,15.554166666666667,3.6125000000000003
2024-05-07,30.291666666666668,Sunny,Sunny,sunny,none,0.0,17.412499999999998,4.1499999999999995
2024-05-08,47.916666666666664,Sunny,Sunny,sunny,none,0.07916666666666666,10.291666666666666,3.345833333333333
2024-05-09,68.41666666666667,Overcast,Overcast,overcast,none,0.0,9.6625,2.1958333333333333
2024-05-10,0.20833333333333334,Sunny,Sunny,sunny,none,0.0,9.891666666666667,1.3499999999999999
2024-05-11,35.916666666666664,Sunny,Sunny,sunny,none,0.0,14.6,2.3249999999999997
2024-05-12,40.25,Sunny,Sunny,sunny,none,0.0,11.833333333333334,3.7624999999999997
2024-05-13,89.33333333333333,Overcast,Overcast,overcast,none,0.0,10.791666666666666,3.5541666666666667
2024-05-14,92.33333333333333,Overcast,Overcast,overcast,none,0.0,11.095833333333333,3.720833333333333
2024-05-15,85.0,Overcast,Overcast,overcast,none,0.04583333333333334,10.591666666666667,4.404166666666667
2024-05-16,67.54166666666667,Mostly cloudy,Mostly cloudy,mostly_cloudy,none,0.0,10.433333333333334,2.783333333333333
2024-05-17,80.20833333333333,Overcast,Overcast,overcast,none,0.0,11.166666666666666,2.2875
2024-05-18,60.166666666666664,Overcast,Overcast,overcast,none,0.0,13.891666666666667,1.3083333333333333
2024-05-19,24.375,Partly sunny,Partly sunny,partly_sunny,none,0.0,14.241666666666667,2.1666666666666665
2024-05-20,36.708333333333336,Partly sunny,Partly sunny,partly_sunny,none,0.0,16.0,1.7750000000000001
2024-05-21,41.125,Partly sunny,Partly sunny,partly_sunny,none,0.0,18.016666666666666,1.3875
2024-05-22,11.583333333333334,Sunny,Sunny,sunny,none,0.0,18.558333333333334,2.2375000000000003
2024-05-23,0.5833333333333334,Sunny,Sunny,sunny,none,0.0,19.75,3.4499999999999997
2024-05-24,0.6666666666666666,Sunny,Sunny,sunny,none,0.0,17.779166666666665,5.8374999999999995
2024-05-25,20.625,Sunny,Sunny,sunny,none,0.0,16.408333333333335,5.341666666666666
2024-05-26,63.625,Overcast,Overcast,overcast,none,0.008333333333333333,16.108333333333334,4.1000000000000005
2024-05-27,51.208333333333336,Overcast,Overcast,overcast,none,0.0,17.529166666666665,3.9
2024-05-28,39.791666666666664,Partly sunny,Partly sunny,partly_sunny,none,0.0,20.495833333333334,5.0375000000000005
2024-05-29,80.54166666666667,Overcast,Overcast,overcast,none,0.04583333333333334,19.079166666666666,4.591666666666667
2024-05-30,84.0,Overcast,Overcast,overcast,none,0.020833333333333332,19.7,1.6624999999999999
2024-05-31,64.625,Partly sunny,Partly sunny,partly_sunny,none,0.0625,19.925,1.4124999999999999
2024-06-01,23.166666666666668,Sunny,Sunny,sunny,none,0.0,21.583333333333332,2.4166666666666665
2024-06-02,16.791666666666668,Sunny,Sunny,sunny,none,0.0,23.120833333333334,3.2375000000000003
2024-06-03,33.791666666666664,Sunny,Sunny,sunny,none,0.0,23.679166666666664,3.6166666666666667
2024-06-04,22.5,Sunny,Sunny,sunny,none,0.0,23.96666666666667,2.0541666666666667
2024-06-05,54.5,Partly sunny,Partly sunny,partly_sunny,none,0.06666666666666667,23.666666666666668,1.7041666666666666
2024-06-06,74.75,Overcast,Overcast,overcast,none,0.0,23.05,2.858333333333333
2024-06-07,19.083333333333332,Partly sunny,Partly sunny,partly_sunny,none,0.0,22.162499999999998,4.033333333333333
2024-06-08,32.791666666666664,Partly sunny,Partly sunny,partly_sunny,none,0.0,21.804166666666664,2.1333333333333333
2024-06-09,43.208333333333336,Partly sunny,Partly sunny,partly_sunny,none,0.075,21.462500000000002,1.4541666666666666
2024-06-10,26.875,Partly sunny,Partly sunny,partly_sunny,none,0.0,23.47083333333333,2.220833333333333
2024-06-11,19.041666666666668,Partly sunny,Partly sunny,partly_sunny,none,0.0,24.958333333333332,2.1958333333333333
2024-06-12,55.583333333333336,Mostly cloudy,Mostly cloudy,mostly_cloudy,none,0.03333333333333333,24.954166666666666,2.8708333333333336
2024-06-13,6.958333333333333,Sunny,Sunny,sunny,none,0.0,22.666666666666668,3.0500000000000003
2024-06-14,51.25,Partly sunny,Partly sunny,partly_sunny,none,0.0,23.375,1.8625
2024-06-15,95.54166666666667,Overcast,Overcast,overcast,none,0.041666666666666664,22.900000000000002,3.1374999999999997
2024-06-16,80.20833333333333,Mostly cloudy,Mostly cloudy,mostly_cloudy,none,0.09583333333333333,20.833333333333332,4.208333333333333
2024-06-17,62.208333333333336,Partly sunny,Partly sunny,partly_sunny,none,0.06666666666666667,20.945833333333333,3.466666666666667
2024-06-18,41.541666666666664,Partly sunny,Partly sunny,partly_sunny,none,0.041666666666666664,22.900000000000002,2.4583333333333335
2024-06-19,22.541666666666668,Partly sunny,Partly sunny,partly_sunny,none,0.0,24.849999999999998,1.9625000000000001
2024-06-20,41.458333333333336,Partly sunny,Partly sunny,partly_sunny,none,0.07083333333333335,24.108333333333334,4.2
2024-06-21,10.291666666666666,Sunny,Sunny,sunny,none,0.0,19.275000000000002,5.258333333333334
2024-06-22,21.541666666666668,Partly sunny,Partly sunny,partly_sunny,none,0.0,21.370833333333334,3.0749999999999997
2024-06-23,29.375,Partly sunny,Partly sunny,partly_sunny,none,0.0,23.6375,2.129166666666667
2024-06-24,42.666666666666664,Partly sunny,Partly sunny,partly_sunny,none,0.0,23.608333333333334,4.0625
2024-06-25,32.375,Partly sunny,Partly sunny,partly_sunny,none,0.020833333333333332,18.445833333333333,3.8791666666666664
2024-06-26,49.0,Overcast,Overcast,overcast,none,0.008333333333333333,18.991666666666667,3.654166666666667
2024-06-27,26.041666666666668,Sunny,Sunny,sunny,none,0.0,19.837500000000002,3.0
2024-06-28,45.541666666666664,Mostly sunny,Mostly sunny,mostly_sunny,none,0.0,20.849999999999998,2.6833333333333336
2024-06-29,12.208333333333334,Sunny,Sunny,sunny,none,0.0,22.1125,2.841666666666667
2024-06-30,20.083333333333332,Sunny,Sunny,sunny,none,0.0,23.958333333333332,2.3958333333333335
2024-07-01,14.5,Sunny,Sunny,sunny,none,0.0,26.204166666666666,2.3583333333333334
2024-07-02,10.041666666666666,Sunny,Sunny,sunny,none,0.0,27.058333333333334,1.7666666666666666
2024-07-03,12.333333333333334,Sunny,Sunny,sunny,none,0.0,27.462500000000002,2.7125
2024-07-04,49.833333333333336,Partly sunny,Partly sunny,partly_sunny,none,0.0,27.325,3.2291666666666665
2024-07-05,59.958333333333336,Overcast,Overcast,overcast,none,0.0,28.775000000000002,3.079166666666667
2024-07-06,22.958333333333332,Sunny,Sunny,sunny,none,0.0,25.72083333333333,4.816666666666667
2024-07-07,1.0416666666666667,Sunny,Sunny,sunny,none,0.0,25.566666666666666,3.6958333333333333
