date,air_defense,aircraft,artillery_systems,bbm,cruise_missiles,helicopters,rszv,ships,special_equipment,submarines,tanks,uavs,vehicles,personnel
24.02.2022,0,7,0,130,0,6,0,0,0,0,0,0,0,800
25.02.2022,0,0,0,0,0,0,0,0,0,0,0,0,0,2000
26.02.2022,0,6,0,-516,0,11,0,0,0,0,0,0,0,200
27.02.2022,0,11,0,706,0,8,0,0,0,0,0,2,0,1500
28.02.2022,0,2,74,110,0,3,0,0,0,0,191,1,0,800
01.03.2022,7,0,3,30,0,0,0,0,0,0,7,0,0,410
02.03.2022,2,1,8,16,0,2,0,0,0,0,13,0,0,130
03.03.2022,2,0,5,38,0,0,42,0,0,0,6,0,0,3160
04.03.2022,7,7,15,39,0,6,8,0,0,0,34,0,0,166
05.03.2022,1,2,0,6,0,3,0,0,0,0,18,0,0,834
06.03.2022,2,5,4,40,0,8,0,0,0,0,16,1,0,1000
07.03.2022,2,2,8,14,0,20,0,0,0,0,5,3,0,0
08.03.2022,4,2,3,37,0,12,6,0,0,0,13,0,0,1000
09.03.2022,1,1,0,34,0,1,0,0,0,0,14,0,0,0
10.03.2022,1,0,3,35,0,0,0,0,0,0,18,0,0,0
11.03.2022,2,8,2,60,0,2,2,0,0,0,18,0,0,0
12.03.2022,2,1,10,40,0,0,4,0,0,0,9,0,0,0
13.03.2022,1,16,5,21,0,3,0,0,0,0,12,0,0,0
14.03.2022,0,3,10,23,0,4,2,0,0,0,15,1,0,0
15.03.2022,2,4,0,30,0,5,0,0,0,0,15,1,0,1500
16.03.2022,7,3,40,96,0,13,6,0,10,0,26,2,0,300
17.03.2022,0,2,11,60,0,0,2,0,0,0,14,0,0,200
18.03.2022,0,7,4,13,0,4,0,0,1,0,6,1,0,200
19.03.2022,1,2,8,22,0,3,0,0,0,0,16,5,0,200
20.03.2022,0,1,17,17,0,3,2,0,1,0,10,4,0,300
21.03.2022,1,1,10,48,0,3,6,0,1,0,22,3,0,300
22.03.2022,0,2,12,21,0,2,0,0,2,0,11,11,0,300
23.03.2022,2,2,15,22,0,1,0,0,0,0,8,7,0,300
24.03.2022,0,7,13,19,0,0,2,0,1,0,13,8,0,200
25.03.2022,2,7,11,28,0,1,8,0,2,0,31,3,0,300
26.03.2022,2,2,2,15,0,2,1,0,1,0,14,0,0,300
27.03.2022,1,4,1,24,0,0,2,0,2,0,7,3,0,200
28.03.2022,2,2,8,30,0,0,2,0,0,0,4,10,0,400
29.03.2022,0,4,1,16,0,2,1,0,0,0,11,5,0,200
30.03.2022,0,4,2,13,0,2,0,0,0,0,8,10,0,100
31.03.2022,0,4,6,12,0,0,0,0,1,0,9,2,0,200
01.04.2022,0,8,5,16,0,0,0,0,2,0,11,2,0,200
02.04.2022,0,0,1,25,0,3,4,0,0,0,6,2,0,100
03.04.2022,0,0,8,54,0,0,5,0,0,0,13,2,0,200
04.04.2022,0,4,5,14,0,0,2,0,1,0,3,3,0,300
05.04.2022,1,3,2,14,0,0,0,0,0,0,29,2,0,200
06.04.2022,0,0,0,3,0,1,0,0,0,0,8,2,0,100
07.04.2022,0,0,0,30,0,0,1,0,0,0,14,15,0,300
08.04.2022,0,0,1,0,0,0,0,0,0,0,2,1,0,100
09.04.2022,0,1,2,4,0,1,0,0,0,0,5,0,0,100
10.04.2022,0,1,7,16,0,1,0,0,0,0,17,0,0,200
11.04.2022,0,2,5,12,0,0,3,0,0,0,3,7,0,200
12.04.2022,8,3,2,23,0,3,0,0,0,0,7,5,0,100
13.04.2022,1,1,9,18,0,3,4,0,0,0,7,8,0,200
14.04.2022,0,2,8,4,0,1,7,0,0,0,14,2,0,100
15.04.2022,2,3,0,8,0,0,0,0,0,0,3,1,0,100
16.04.2022,0,0,5,6,0,1,3,0,1,0,6,3,0,100
17.04.2022,0,2,5,20,0,1,2,0,1,0,11,10,0,200
18.04.2022,1,2,5,39,0,1,3,0,0,0,17,7,0,300
19.04.2022,0,2,5,22,0,3,2,0,0,0,12,3,0,200
20.04.2022,0,2,5,24,0,0,4,0,0,0,13,7,0,100
21.04.2022,0,1,2,31,0,1,0,0,0,0,14,1,0,100
22.04.2022,2,4,4,44,0,2,2,0,0,0,9,6,0,200
23.04.2022,0,1,6,43,0,1,5,0,0,0,16,10,0,400
24.04.2022,0,2,5,33,0,0,4,0,1,0,19,9,0,200
25.04.2022,0,2,3,20,0,0,2,0,0,0,11,10,0,100
26.04.2022,0,3,5,50,0,0,0,0,3,0,34,4,0,200
27.04.2022,2,1,5,34,0,1,0,0,0,0,21,2,0,300
28.04.2022,1,2,10,47,0,0,2,0,0,0,31,8,0,400
29.04.2022,1,2,4,29,0,0,0,0,0,0,16,14,0,200
30.04.2022,4,1,1,27,0,0,0,0,1,0,22,3,0,200
01.05.2022,3,2,15,26,84,0,0,0,0,0,18,13,1796,300
02.05.2022,0,2,8,48,0,0,1,0,6,0,22,26,28,300
03.05.2022,0,0,16,48,0,0,10,0,0,0,14,20,19,400
04.05.2022,1,0,16,43,3,0,1,0,0,0,15,12,24,300
05.05.2022,2,2,8,41,2,0,6,0,0,0,15,9,40,200
06.05.2022,0,3,3,35,1,0,2,0,0,0,18,12,19,200
07.05.2022,1,0,7,27,0,0,1,0,0,0,12,17,8,200
08.05.2022,2,0,0,28,2,1,7,0,1,0,8,19,27,400
09.05.2022,1,0,4,23,2,2,6,0,2,0,15,17,9,150
10.05.2022,0,0,6,44,0,0,0,0,0,0,25,3,10,350
11.05.2022,0,0,9,48,0,2,0,0,0,0,17,10,17,350
12.05.2022,0,0,6,17,0,1,6,0,0,0,8,8,22,300
13.05.2022,1,1,8,27,1,1,2,0,0,0,10,7,23,250
14.05.2022,0,0,9,34,0,1,2,0,1,0,13,6,17,300
15.05.2022,1,0,4,24,0,1,0,0,0,0,2,5,28,200
16.05.2022,0,0,22,16,2,1,0,0,0,0,8,11,14,300
17.05.2022,1,1,1,35,0,2,3,0,1,0,7,9,8,200
18.05.2022,1,1,8,34,5,0,1,0,0,0,16,5,28,400
19.05.2022,2,1,9,20,1,0,0,0,0,0,3,14,20,200
20.05.2022,0,1,1,27,0,1,1,0,0,0,9,5,5,200
21.05.2022,0,0,0,26,1,1,1,0,0,0,15,2,16,150
22.05.2022,0,0,3,25,3,1,0,0,0,0,7,8,16,200
23.05.2022,0,0,5,25,3,0,0,0,0,0,8,6,12,150
24.05.2022,0,1,2,28,2,0,0,0,0,0,9,4,7,150
25.05.2022,0,1,0,19,0,0,0,0,1,0,3,11,5,100
26.05.2022,0,0,11,22,2,0,0,0,3,0,10,11,7,150
27.05.2022,0,0,6,11,1,0,0,0,1,0,7,1,1,150
28.05.2022,0,1,5,12,1,4,2,0,0,0,8,0,0,250
29.05.2022,0,0,3,12,0,0,0,0,0,0,8,1,14,150
30.05.2022,0,0,12,12,2,0,2,0,0,0,11,3,18,200
31.05.2022,0,1,6,20,2,0,2,0,0,0,9,8,17,150
01.06.2022,1,0,10,41,0,1,0,0,1,0,3,4,15,200
02.06.2022,1,2,2,11,0,0,0,0,2,0,2,2,35,150
03.06.2022,0,0,14,12,1,0,0,0,0,0,4,14,4,100
04.06.2022,0,0,5,13,1,0,0,0,1,0,9,5,8,100
05.06.2022,0,0,6,13,0,0,0,0,1,0,5,8,23,100
06.06.2022,1,1,4,8,3,1,0,0,0,0,5,3,35,100
07.06.2022,0,1,4,16,0,1,0,0,0,0,4,2,10,110
08.06.2022,0,0,9,13,0,1,6,0,0,0,3,6,1,140
09.06.2022,0,0,8,9,0,0,0,0,0,0,5,3,15,200
10.06.2022,1,0,1,12,0,0,9,0,1,0,11,10,17,200
11.06.2022,0,0,0,16,0,0,0,0,0,0,10,7,10,150
12.06.2022,0,0,3,18,0,0,4,0,0,0,11,3,7,100
13.06.2022,0,1,3,8,0,0,0,0,0,0,2,3,5,150
14.06.2022,0,0,3,11,0,1,3,0,0,0,2,3,13,200
15.06.2022,0,0,1,25,4,0,1,0,1,0,6,3,12,250
16.06.2022,0,0,7,17,0,0,3,0,0,0,9,0,9,200
17.06.2022,0,2,5,18,0,1,0,0,0,0,7,2,2,200
18.06.2022,1,1,5,10,0,0,0,0,0,0,9,1,17,200
19.06.2022,0,0,6,4,1,1,2,0,0,0,3,4,10,250
20.06.2022,0,0,4,11,0,0,3,0,0,0,9,3,4,200
21.06.2022,0,0,3,18,7,0,1,0,4,0,19,10,10,300
22.06.2022,1,0,0,8,0,1,0,0,1,0,0,3,6,130
23.06.2022,0,0,4,18,0,1,1,0,0,0,8,6,5,200
24.06.2022,0,0,3,5,0,0,1,0,0,0,3,2,5,100
25.06.2022,0,1,5,8,0,1,0,0,0,0,4,4,7,170
26.06.2022,0,0,0,14,2,0,2,0,0,0,21,4,4,150
27.06.2022,2,0,7,28,0,0,0,0,0,0,20,6,11,150
28.06.2022,1,0,7,17,0,1,0,0,1,0,15,0,14,250
29.06.2022,1,0,3,16,3,0,3,0,0,0,5,4,9,200
30.06.2022,1,0,9,6,1,0,0,0,0,0,1,1,4,150
01.07.2022,1,0,6,10,0,1,0,0,0,0,4,4,8,150
02.07.2022,0,0,4,1,1,0,0,0,0,0,5,8,4,120
03.07.2022,0,0,1,7,0,1,0,0,3,0,2,1,4,100
04.07.2022,0,0,3,10,0,0,0,0,1,0,5,4,11,230
05.07.2022,0,0,2,18,0,0,1,0,0,0,5,2,5,150
06.07.2022,2,0,6,17,9,0,0,0,0,0,6,4,14,150
07.07.2022,0,0,3,8,2,0,0,0,1,0,2,3,17,150
08.07.2022,0,0,13,14,0,0,0,0,0,0,35,2,20,250
09.07.2022,1,0,4,4,0,0,0,0,0,0,1,5,2,300
10.07.2022,0,0,2,8,0,1,0,0,0,0,3,2,7,100
11.07.2022,1,0,4,5,0,0,0,0,0,0,4,0,2,100
12.07.2022,0,0,0,1,0,0,0,0,0,0,4,0,3,70
13.07.2022,0,0,1,3,0,0,0,0,1,0,0,2,5,100
14.07.2022,0,2,1,20,0,0,0,0,0,0,18,3,16,300
15.07.2022,0,1,2,14,0,0,0,0,0,0,5,0,11,130
16.07.2022,0,0,4,8,7,0,0,0,1,0,5,6,4,140
17.07.2022,1,0,0,5,4,0,1,0,0,0,7,1,11,160
18.07.2022,3,0,3,7,0,0,0,0,2,0,3,2,7,150
19.07.2022,0,0,2,6,1,0,0,0,0,0,4,3,14,100
20.07.2022,0,1,5,13,0,0,2,0,0,0,9,10,8,200
21.07.2022,0,0,3,7,0,0,1,0,2,0,4,7,6,100
22.07.2022,0,0,4,8,0,0,0,0,0,0,0,3,22,150
23.07.2022,0,0,1,9,0,0,2,0,0,0,4,1,17,240
24.07.2022,0,0,5,13,3,0,2,0,1,0,14,0,3,280
25.07.2022,3,1,7,8,4,0,2,0,0,0,8,5,9,180
26.07.2022,1,0,4,9,0,1,1,0,2,0,7,3,3,170
27.07.2022,0,0,3,12,0,1,0,0,0,0,1,4,12,200
28.07.2022,0,0,11,8,0,0,0,0,0,0,4,3,7,160
29.07.2022,0,0,6,8,0,0,0,0,2,0,7,2,16,270
30.07.2022,0,0,6,8,0,0,0,0,1,0,10,2,19,170
31.07.2022,0,1,10,9,0,0,1,0,2,0,4,2,13,160
01.08.2022,0,0,16,7,0,0,0,0,2,0,5,1,10,200
02.08.2022,0,0,4,3,0,1,0,0,0,0,0,3,2,140
03.08.2022,1,0,3,8,6,0,0,0,1,0,6,1,8,180
04.08.2022,0,0,7,4,2,0,1,0,0,0,15,2,38,150
05.08.2022,5,0,4,6,0,0,0,0,0,0,3,0,4,150
06.08.2022,4,0,5,19,0,0,0,0,2,0,10,2,6,250
07.08.2022,5,0,3,4,0,0,0,0,1,0,3,6,8,300
08.08.2022,0,0,2,15,0,1,1,0,0,0,6,4,15,140
09.08.2022,1,0,4,6,3,1,0,0,1,0,6,3,5,300
10.08.2022,0,9,7,10,0,0,0,0,2,0,15,9,7,160
11.08.2022,1,0,3,14,0,0,0,0,1,0,14,6,13,200
12.08.2022,2,1,1,8,0,0,0,0,0,0,3,6,3,200
13.08.2022,0,0,3,7,2,0,0,0,1,0,7,1,15,200
14.08.2022,0,0,2,11,0,1,0,0,0,0,8,5,3,150
15.08.2022,0,0,5,15,0,1,0,0,1,0,12,3,5,200
16.08.2022,0,0,4,11,3,1,2,0,0,0,4,3,5,150
17.08.2022,0,0,4,10,0,0,0,0,1,0,6,2,5,200
18.08.2022,0,1,17,17,0,1,2,0,0,0,3,1,7,200
19.08.2022,5,0,6,16,0,0,1,0,1,0,10,2,69,400
20.08.2022,0,0,2,17,0,0,0,0,3,0,8,8,7,200
21.08.2022,0,0,10,12,0,0,0,0,2,0,5,3,6,300
22.08.2022,4,0,4,6,4,1,0,0,0,0,7,9,6,200
23.08.2022,1,0,1,8,2,0,0,0,0,0,2,2,1,150
24.08.2022,1,0,3,5,0,1,0,0,0,0,3,2,10,150
25.08.2022,1,0,1,2,0,3,6,0,0,0,5,9,0,150
26.08.2022,0,0,3,6,0,0,0,0,0,0,7,6,2,400
27.08.2022,0,0,5,3,0,0,2,0,0,0,3,2,3,250
28.08.2022,0,0,5,3,0,0,0,0,0,0,3,2,6,250
29.08.2022,1,0,10,12,0,1,5,0,2,0,5,6,17,350
30.08.2022,2,0,19,25,0,1,3,0,2,0,7,3,29,450
31.08.2022,1,0,12,18,0,0,3,0,0,0,20,2,19,350
01.09.2022,1,0,24,33,0,1,2,0,1,0,23,2,3,450
02.09.2022,0,0,11,21,2,0,2,0,1,0,12,2,8,350
03.09.2022,0,1,8,37,5,0,4,0,0,0,25,11,21,350
04.09.2022,3,1,13,27,0,1,1,0,1,0,15,0,8,450
05.09.2022,0,0,10,29,2,0,0,0,1,0,19,3,10,300
06.09.2022,0,0,22,25,4,1,2,0,2,0,9,9,19,350
07.09.2022,0,1,15,36,5,1,4,0,0,0,20,4,15,460
08.09.2022,3,2,32,37,0,2,5,0,1,0,15,4,24,640
09.09.2022,0,0,11,18,0,1,1,0,4,0,10,4,55,650
10.09.2022,3,0,22,9,1,1,5,0,2,0,14,10,27,350
11.09.2022,0,3,4,33,1,1,0,0,1,0,18,4,19,400
12.09.2022,0,1,6,23,0,0,0,0,0,0,14,1,18,300
13.09.2022,3,1,10,22,17,0,0,0,0,0,7,1,6,350
14.09.2022,2,2,11,3,0,2,0,0,3,0,5,4,32,350
15.09.2022,0,4,5,17,0,0,0,0,0,0,13,0,21,200
16.09.2022,1,0,7,8,0,1,1,0,1,0,6,0,28,200
17.09.2022,0,1,4,11,3,0,0,0,0,0,3,3,21,200
18.09.2022,0,0,3,17,2,1,0,0,1,0,8,7,7,230
19.09.2022,0,0,4,2,0,0,0,0,3,0,2,2,3,170
20.09.2022,0,1,10,4,1,0,6,0,0,0,4,5,6,160
21.09.2022,0,1,17,24,0,0,0,0,0,0,11,7,23,300
22.09.2022,1,0,1,28,1,1,0,0,0,0,9,9,20,400
23.09.2022,1,1,14,20,0,1,8,0,1,0,18,9,29,550
24.09.2022,0,1,6,11,0,1,1,0,0,0,8,6,22,240
25.09.2022,1,4,7,25,1,0,1,0,4,0,13,10,20,400
26.09.2022,1,1,1,25,0,4,2,0,1,0,15,4,10,500
27.09.2022,3,1,9,24,0,0,1,0,0,0,16,7,19,550
28.09.2022,0,1,3,8,1,0,0,0,0,0,6,12,12,400
29.09.2022,0,0,4,20,4,0,0,0,0,0,13,6,9,430
30.09.2022,1,2,6,23,0,1,2,0,0,0,13,8,17,500
01.10.2022,0,0,6,17,0,1,3,0,0,0,16,6,18,530
02.10.2022,0,0,8,26,0,1,1,0,0,0,23,6,10,500
03.10.2022,0,1,0,16,0,1,1,0,0,0,3,11,15,320
04.10.2022,1,1,2,27,0,0,2,0,0,0,44,2,12,370
05.10.2022,0,0,7,20,0,4,1,0,1,0,11,4,18,200
06.10.2022,0,0,10,26,0,0,3,0,2,0,14,15,13,330
07.10.2022,0,0,31,29,0,1,0,0,1,0,17,20,8,350
08.10.2022,3,0,4,18,0,1,1,0,1,0,6,12,13,380
09.10.2022,0,0,18,22,1,1,3,0,0,0,14,7,15,440
10.10.2022,1,1,9,16,2,0,5,0,0,0,9,11,18,370
11.10.2022,0,1,10,7,46,0,0,0,0,0,9,17,8,240
12.10.2022,2,0,43,0,21,0,2,0,4,0,1,35,10,270
13.10.2022,0,0,17,11,0,5,2,0,0,0,6,33,9,420
14.10.2022,3,0,10,5,0,0,5,0,2,0,10,17,9,500
15.10.2022,0,0,16,7,0,2,3,0,0,0,3,11,7,400
16.10.2022,0,0,7,14,0,0,0,0,1,0,5,14,8,300
17.10.2022,1,0,10,12,0,0,1,0,1,0,8,17,10,320
18.10.2022,1,0,23,14,2,0,6,0,0,0,11,35,16,530
19.10.2022,1,1,15,16,5,0,0,0,2,0,6,10,14,430
20.10.2022,0,0,9,20,6,1,0,0,1,0,13,25,6,370
21.10.2022,0,0,2,3,0,0,0,0,0,0,6,14,1,100
22.10.2022,0,1,5,8,0,0,1,0,1,0,6,16,15,320
23.10.2022,0,0,14,18,21,2,1,0,0,0,5,20,18,400
24.10.2022,0,0,6,11,0,0,1,0,1,0,6,9,5,470
25.10.2022,1,1,1,26,0,3,2,0,0,0,21,2,10,480
26.10.2022,2,0,12,30,0,0,2,0,0,0,17,7,22,480
27.10.2022,0,0,4,13,1,1,0,0,1,0,3,19,2,320
28.10.2022,0,1,8,14,0,2,0,0,1,0,9,3,10,480
29.10.2022,3,1,10,23,0,1,1,0,1,0,19,5,19,550
30.10.2022,2,1,16,52,1,0,3,0,2,0,13,6,13,950
31.10.2022,0,1,4,32,0,1,0,0,0,0,14,1,8,620
01.11.2022,0,1,2,16,45,4,0,0,0,0,12,2,15,650
02.11.2022,1,1,3,24,0,1,4,0,0,0,16,23,10,800
03.11.2022,0,0,22,27,0,0,3,0,1,0,20,4,9,730
04.11.2022,3,0,17,28,0,0,1,0,0,0,16,8,12,840
05.11.2022,1,0,4,21,2,2,0,0,0,0,8,12,10,600
06.11.2022,0,0,5,10,0,0,0,0,0,0,7,3,7,490
07.11.2022,0,0,1,19,0,0,0,0,2,0,6,7,8,530
08.11.2022,1,1,9,24,0,0,0,0,2,0,15,4,17,710
09.11.2022,2,0,11,12,0,0,2,0,0,0,15,7,11,780
10.11.2022,0,0,3,16,0,0,0,0,0,0,3,16,15,740
11.11.2022,0,0,12,14,0,1,0,0,0,0,10,6,17,710
12.11.2022,0,0,12,34,0,0,0,0,1,0,24,1,20,810
13.11.2022,1,0,8,12,0,0,0,0,0,0,2,1,16,650
14.11.2022,0,0,2,6,0,0,0,0,0,0,8,2,21,510
15.11.2022,2,0,11,25,0,0,0,0,0,0,13,2,35,710
16.11.2022,1,0,10,24,75,0,0,0,0,0,10,14,9,630
17.11.2022,0,0,0,7,0,0,0,0,0,0,7,6,2,400
18.11.2022,0,0,5,4,6,0,0,0,1,0,1,5,4,350
19.11.2022,0,0,2,7,0,0,0,0,0,0,6,0,2,420
20.11.2022,0,0,1,2,0,0,0,0,0,0,1,1,3,330
21.11.2022,0,0,2,5,0,0,0,0,0,0,6,0,7,390
22.11.2022,0,0,12,5,0,0,2,0,0,0,3,0,15,400
23.11.2022,0,0,5,5,0,0,0,0,0,0,2,0,3,410
24.11.2022,0,0,2,7,51,0,0,0,0,0,1,10,4,310
25.11.2022,0,0,6,5,0,0,0,0,2,0,1,6,4,430
26.11.2022,0,0,1,4,0,0,0,0,0,0,2,1,2,560
27.11.2022,0,0,1,8,0,0,0,0,0,0,4,1,6,600
28.11.2022,0,0,2,5,0,0,0,0,0,0,3,0,4,590
29.11.2022,0,2,2,5,0,0,0,0,0,0,3,0,7,480
30.11.2022,1,0,1,6,0,0,0,0,0,0,3,7,6,500
01.12.2022,0,0,2,5,0,0,0,0,0,0,1,0,12,560
02.12.2022,0,0,1,6,0,1,0,0,0,0,1,2,23,650
03.12.2022,0,0,1,3,0,1,0,0,0,0,1,8,8,510
04.12.2022,0,1,2,6,0,0,0,0,0,0,5,1,7,550
05.12.2022,1,0,6,8,0,1,0,0,0,0,2,9,18,540
06.12.2022,0,0,1,5,61,0,0,0,0,0,5,5,8,510
07.12.2022,0,0,8,4,0,0,0,0,0,0,6,14,21,540
08.12.2022,0,0,2,2,0,0,0,0,1,0,2,2,2,340
09.12.2022,0,0,1,1,0,0,0,0,0,0,0,0,3,310
10.12.2022,0,0,1,5,0,0,2,0,3,0,3,0,4,370
11.12.2022,0,0,1,3,0,0,0,0,0,0,2,10,5,380
12.12.2022,0,0,1,8,0,0,0,0,2,0,24,4,4,620
13.12.2022,0,0,2,2,0,0,7,0,1,0,0,0,5,500
14.12.2022,0,0,0,7,0,0,0,0,1,0,4,0,13,740
15.12.2022,0,0,12,9,0,0,2,0,1,0,5,27,1,590
16.12.2022,0,0,3,6,0,0,4,0,0,0,5,4,0,680
17.12.2022,0,0,1,6,61,0,0,0,2,0,5,0,14,420
18.12.2022,0,0,1,5,0,0,0,0,0,0,2,1,2,590
19.12.2022,1,0,5,6,0,0,0,0,1,0,1,8,13,520
20.12.2022,0,0,7,5,0,2,0,0,2,0,7,23,7,430
21.12.2022,0,1,12,5,0,1,2,0,1,0,7,8,9,510
22.12.2022,0,1,6,2,0,0,1,0,0,0,1,5,7,660
23.12.2022,0,0,6,5,0,0,1,0,0,0,2,5,7,550
24.12.2022,0,0,4,8,0,0,4,0,0,0,1,8,5,480
25.12.2022,0,0,3,16,0,0,0,0,0,0,5,0,8,620
26.12.2022,0,0,5,7,0,0,0,0,0,0,5,1,12,550
27.12.2022,0,0,2,7,0,0,0,0,1,0,0,0,5,620
28.12.2022,0,0,1,13,0,0,0,0,0,0,1,0,8,550
29.12.2022,0,0,5,10,0,1,5,0,0,0,1,10,15,790
30.12.2022,0,0,6,12,58,0,0,0,1,0,8,23,8,690
31.12.2022,1,0,6,16,0,1,0,0,0,0,3,6,24,710
01.01.2023,0,0,5,9,12,0,0,0,1,0,2,46,13,760
02.01.2023,0,0,6,9,0,0,0,0,0,0,0,44,5,720
03.01.2023,1,0,6,7,0,1,1,0,0,0,5,3,10,750
04.01.2023,1,0,6,6,0,0,0,0,0,0,2,3,10,720
05.01.2023,0,1,12,2,0,1,2,0,1,0,3,2,14,810
06.01.2023,0,1,8,16,0,1,5,0,0,0,23,0,38,530
07.01.2023,2,0,3,1,0,0,0,0,0,0,2,0,1,490
08.01.2023,0,0,3,5,0,0,0,0,1,0,3,5,3,430
09.01.2023,0,0,4,17,0,3,3,0,0,0,11,7,8,590
10.01.2023,0,0,4,7,0,0,0,0,0,0,4,4,8,710
11.01.2023,0,0,5,5,0,0,3,0,1,0,10,2,9,490
12.01.2023,1,0,4,0,0,1,0,0,0,0,0,3,0,430
13.01.2023,0,1,4,8,0,0,0,0,0,0,4,0,7,740
14.01.2023,1,0,4,6,0,0,0,0,2,0,6,2,13,530
15.01.2023,0,0,4,10,26,0,0,0,1,0,2,5,0,630
16.01.2023,1,0,5,21,0,0,1,0,3,0,12,0,24,790
17.01.2023,0,0,5,11,0,0,3,0,0,0,3,0,7,870
18.01.2023,0,1,4,10,0,0,1,0,0,0,9,4,12,820
19.01.2023,0,0,14,10,0,1,0,0,0,0,6,6,7,760
20.01.2023,0,0,7,6,0,0,0,0,0,0,3,4,7,770
21.01.2023,0,0,6,15,0,0,1,0,3,0,1,5,15,860
22.01.2023,0,0,9,12,0,0,2,0,0,0,5,1,14,600
23.01.2023,0,0,2,8,0,0,2,0,0,0,5,2,4,720
24.01.2023,0,2,2,8,0,4,1,0,1,0,2,3,8,690
25.01.2023,0,1,6,23,0,0,2,0,0,0,9,5,23,910
26.01.2023,0,2,15,27,0,1,2,0,1,0,14,6,19,780
27.01.2023,1,0,11,6,47,1,0,0,4,0,7,33,15,850
28.01.2023,0,1,8,4,0,1,1,0,0,0,7,6,26,800
29.01.2023,0,0,7,22,0,0,0,0,0,0,8,0,10,650
30.01.2023,0,0,1,3,0,0,0,0,0,0,4,0,4,490
31.01.2023,0,0,1,9,0,0,1,0,1,0,0,4,7,850
01.02.2023,0,0,10,4,0,0,4,0,0,0,8,0,13,920
02.02.2023,1,0,5,0,0,0,0,0,0,0,2,0,3,610
03.02.2023,0,1,3,6,0,0,2,0,2,0,4,1,4,840
04.02.2023,3,0,5,6,0,0,0,0,1,0,3,4,13,720
05.02.2023,2,0,6,11,0,0,0,0,0,0,2,2,10,700
06.02.2023,0,0,5,10,0,0,1,0,0,0,11,0,13,870
07.02.2023,0,0,1,28,0,0,0,0,5,0,14,0,3,1030
08.02.2023,1,1,4,15,0,1,0,0,3,0,8,3,5,910
09.02.2023,4,0,8,10,0,0,2,0,0,0,2,6,9,910
10.02.2023,1,0,7,3,0,1,0,0,0,0,3,3,5,730
11.02.2023,1,0,19,3,61,0,0,0,3,0,9,27,8,1140
12.02.2023,0,1,17,14,0,0,2,0,1,0,13,10,14,900
13.02.2023,0,0,3,4,0,0,0,0,2,0,3,0,2,560
14.02.2023,0,2,9,8,0,0,1,0,1,0,3,4,5,740
15.02.2023,2,0,4,7,0,0,0,0,1,0,4,0,6,690
16.02.2023,3,0,3,10,0,1,0,0,0,0,6,1,6,690
17.02.2023,2,0,16,3,14,0,1,0,2,0,2,1,20,800
18.02.2023,2,0,4,13,0,0,2,0,2,0,5,3,9,1010
19.02.2023,0,0,1,12,2,0,0,0,1,0,7,0,0,590
20.02.2023,0,1,7,8,0,0,2,0,1,0,6,2,13,820
21.02.2023,0,0,4,9,0,0,0,0,1,0,10,5,1,760
22.02.2023,0,0,7,7,0,0,0,0,0,0,8,3,2,620
23.02.2023,1,0,7,24,0,0,0,0,2,0,16,3,3,790
24.02.2023,3,0,11,7,0,0,3,0,1,0,13,4,9,970
25.02.2023,0,0,10,9,0,1,1,0,1,0,12,2,11,650
26.02.2023,0,0,7,6,0,0,0,0,0,0,6,2,7,660
27.02.2023,0,1,0,6,0,0,0,0,0,0,4,11,6,560
28.02.2023,0,0,3,9,0,0,3,0,0,0,3,3,4,550
01.03.2023,0,0,10,8,0,0,1,0,0,0,7,4,5,650
02.03.2023,0,0,5,20,0,0,1,0,0,0,2,3,7,715
03.03.2023,0,1,4,15,0,1,4,0,0,0,8,3,17,765
04.03.2023,0,1,12,10,0,0,3,0,0,0,4,5,8,820
05.03.2023,1,0,12,9,0,0,1,0,2,0,5,5,10,930
06.03.2023,2,0,7,11,0,0,0,0,2,0,9,15,8,650
07.03.2023,3,1,23,11,0,0,0,0,2,0,9,9,16,1060
08.03.2023,0,0,7,9,0,0,0,0,0,0,4,3,7,700
09.03.2023,1,0,2,13,0,0,0,0,1,0,5,0,1,590
10.03.2023,2,1,10,6,34,0,3,0,3,0,7,9,6,870
11.03.2023,1,0,8,20,0,0,2,0,2,0,10,1,7,1010
12.03.2023,2,0,4,7,0,0,0,0,0,0,8,0,4,1090
13.03.2023,0,0,16,5,0,0,0,0,9,0,8,1,6,710
14.03.2023,1,0,16,15,0,0,2,0,5,0,10,11,13,740
15.03.2023,2,0,9,10,0,0,7,0,1,0,8,12,10,980
16.03.2023,3,1,11,11,0,0,1,0,0,0,12,13,17,1040
17.03.2023,0,0,13,13,0,1,1,0,1,0,2,0,7,760
18.03.2023,0,0,8,7,0,0,2,0,1,0,5,14,3,880
19.03.2023,3,0,8,23,0,0,1,0,3,0,21,0,4,710
20.03.2023,2,0,9,16,0,0,0,0,3,0,5,1,8,700
21.03.2023,0,0,9,10,0,0,0,0,1,0,15,7,12,960
22.03.2023,2,0,3,8,2,0,2,0,4,0,5,16,6,920
23.03.2023,1,0,19,11,0,0,2,0,3,0,13,20,18,660
24.03.2023,3,0,8,23,2,0,0,0,4,0,4,5,12,1020
25.03.2023,0,0,7,11,0,1,9,0,2,0,6,6,19,720
26.03.2023,1,0,8,15,0,0,2,0,3,0,15,2,3,660
27.03.2023,0,0,7,6,0,0,1,0,3,0,0,0,7,610
28.03.2023,0,0,15,13,0,0,2,0,2,0,7,19,9,570
29.03.2023,0,1,6,0,0,0,1,0,1,0,7,4,5,610
30.03.2023,1,0,12,8,0,0,0,0,3,0,1,0,11,560
31.03.2023,0,0,4,3,0,0,0,0,3,0,5,9,3,460
01.04.2023,1,0,8,4,0,0,1,0,2,0,1,0,7,630
02.04.2023,0,0,4,5,0,0,0,0,0,0,2,1,9,560
03.04.2023,1,0,7,7,0,0,0,0,2,0,1,13,16,610
04.04.2023,0,0,3,6,0,0,1,0,0,0,8,15,9,530
05.04.2023,0,0,10,6,0,0,4,0,1,0,2,6,11,550
06.04.2023,1,0,7,8,0,1,0,0,3,0,2,4,1,390
07.04.2023,0,0,8,3,0,0,1,0,2,0,2,4,13,480
08.04.2023,1,1,5,4,0,0,0,0,0,0,3,7,12,570
09.04.2023,0,0,13,4,0,0,0,0,5,0,0,14,3,470
10.04.2023,0,0,10,4,0,0,1,0,2,0,1,11,5,670
11.04.2023,0,0,15,10,0,1,1,0,5,0,7,9,13,500
12.04.2023,0,0,5,5,0,0,0,0,3,0,2,2,10,730
13.04.2023,1,0,7,10,0,0,0,0,1,0,0,5,7,540
14.04.2023,0,0,7,16,0,0,0,0,1,0,4,0,3,500
15.04.2023,0,0,1,4,0,0,0,0,3,0,3,0,6,460
16.04.2023,1,1,10,10,0,0,3,0,2,0,4,0,12,520
17.04.2023,1,0,9,4,0,0,0,0,2,0,3,8,14,590
18.04.2023,0,0,6,11,0,0,0,0,2,0,1,6,4,470
19.04.2023,0,0,9,12,0,0,0,0,0,0,4,23,16,620
20.04.2023,0,0,6,10,0,0,1,0,2,0,2,10,15,670
21.04.2023,0,0,2,6,0,0,0,0,2,0,1,8,6,630
22.04.2023,4,0,5,4,0,0,0,0,3,0,4,4,5,680
23.04.2023,0,0,5,1,0,1,0,0,2,0,3,4,12,690
24.04.2023,0,0,12,8,0,0,0,0,0,0,8,11,23,660
25.04.2023,2,0,14,12,0,0,0,0,6,0,5,24,31,690
26.04.2023,1,0,14,11,0,0,0,0,7,0,4,3,8,640
27.04.2023,1,0,10,16,0,0,3,0,0,0,2,21,13,510
28.04.2023,1,0,18,3,0,0,1,0,1,0,0,6,14,540
29.04.2023,0,0,3,3,21,0,0,0,2,0,3,4,17,580
30.04.2023,1,0,6,5,0,0,1,0,2,0,2,4,6,470
01.05.2023,0,0,7,3,0,0,0,0,2,0,1,1,3,450
02.05.2023,3,0,9,1,15,0,0,0,1,0,1,1,6,460
03.05.2023,2,0,16,6,0,0,0,0,3,0,1,28,14,520
04.05.2023,4,0,16,17,0,0,3,0,7,0,5,18,21,650
05.05.2023,0,0,16,8,0,0,3,0,3,0,3,17,30,620
06.05.2023,2,0,14,14,0,0,2,0,2,0,7,14,20,560
07.05.2023,0,0,18,10,0,0,2,0,5,0,6,18,16,660
08.05.2023,0,0,8,5,0,0,0,0,4,0,7,42,6,540
09.05.2023,1,0,13,4,8,0,0,0,4,0,4,4,11,650
10.05.2023,1,0,8,18,15,0,1,0,1,0,2,6,5,690
11.05.2023,2,0,14,12,0,0,2,0,2,0,4,3,10,610
12.05.2023,2,0,15,8,0,0,2,0,2,0,5,9,12,750
13.05.2023,2,0,27,12,0,0,2,0,9,0,6,29,15,590
14.05.2023,0,0,21,18,0,0,1,0,2,0,5,31,7,620
15.05.2023,2,0,21,11,3,0,0,0,3,0,3,24,16,580
16.05.2023,0,0,13,12,0,0,0,0,3,0,3,12,14,520
17.05.2023,2,0,16,17,9,0,0,0,7,0,9,16,19,610
18.05.2023,0,0,32,8,8,0,1,0,1,0,2,11,6,510
19.05.2023,1,0,12,4,21,0,1,0,1,0,4,10,10,660
20.05.2023,6,0,19,5,0,0,0,0,4,0,4,32,20,670
21.05.2023,2,0,29,16,0,0,0,0,2,0,2,21,12,730
22.05.2023,0,1,20,9,0,0,1,0,2,0,2,8,14,720
23.05.2023,0,0,40,12,4,1,0,0,6,0,4,34,10,480
24.05.2023,0,0,21,5,0,1,5,0,7,0,3,7,7,400
25.05.2023,0,0,20,8,0,0,0,0,4,0,3,36,2,500
26.05.2023,1,1,25,3,0,0,0,0,2,0,1,3,13,460
27.05.2023,1,3,30,14,41,2,4,0,3,0,-2,80,22,480
28.05.2023,0,0,11,7,0,0,0,0,2,0,3,3,9,400
29.05.2023,2,0,10,11,0,0,1,0,2,0,4,61,15,430
30.05.2023,1,0,10,2,51,0,0,0,1,0,1,38,12,410
31.05.2023,1,0,15,3,0,0,0,0,0,0,0,32,11,470
01.06.2023,0,0,14,6,0,0,0,0,4,0,2,7,9,460
02.06.2023,2,0,27,12,10,0,0,0,7,0,15,6,28,540
03.06.2023,7,0,32,12,15,0,7,0,10,0,10,28,22,560
04.06.2023,2,0,22,10,0,0,1,0,4,0,8,10,16,470
05.06.2023,5,0,12,11,4,0,1,0,5,0,11,14,7,410
06.06.2023,2,0,36,20,35,1,6,0,5,0,12,23,20,800
07.06.2023,1,1,37,17,0,0,4,0,3,0,13,7,17,880
08.06.2023,3,0,28,16,0,0,1,0,8,0,18,15,35,730
09.06.2023,4,0,34,24,0,0,4,0,2,0,10,13,26,1010
10.06.2023,3,0,15,7,5,0,1,0,5,0,8,16,18,890
11.06.2023,0,0,19,24,7,0,1,0,2,0,17,37,33,980
12.06.2023,0,0,10,5,0,0,0,0,1,0,5,7,10,540
13.06.2023,1,0,20,6,0,1,0,0,1,0,4,2,2,470
14.06.2023,1,0,17,11,13,0,2,0,5,0,8,15,9,680
15.06.2023,0,0,10,14,3,1,1,0,3,0,12,9,24,580
16.06.2023,0,0,19,16,0,0,2,0,0,0,10,24,13,590
17.06.2023,0,0,22,23,12,1,3,0,1,0,12,7,38,670
18.06.2023,0,0,13,23,0,2,1,0,2,0,7,7,14,650
19.06.2023,6,0,18,6,0,1,0,0,4,0,5,12,42,630
20.06.2023,2,0,23,15,3,1,4,0,5,0,8,10,32,1010
21.06.2023,3,0,32,21,0,0,1,0,8,0,9,35,22,540
22.06.2023,1,0,21,12,0,1,2,0,0,0,7,10,11,650
23.06.2023,3,0,44,15,0,0,0,0,6,0,4,9,30,680
24.06.2023,4,0,30,6,4,1,2,0,3,0,7,13,23,580
25.06.2023,2,0,19,2,41,0,5,0,4,0,6,12,4,720
26.06.2023,0,0,21,14,0,0,0,0,5,0,1,10,16,950
27.06.2023,1,0,28,14,2,0,2,0,6,0,5,10,21,590
28.06.2023,1,0,6,13,0,0,1,0,0,0,0,7,2,930
29.06.2023,1,1,27,10,0,0,0,0,6,0,2,14,6,680
30.06.2023,1,0,11,6,0,0,3,0,0,0,3,6,5,560
01.07.2023,0,0,35,5,0,0,2,0,11,0,1,26,9,530
02.07.2023,1,0,26,20,0,0,5,0,3,0,10,12,22,790
03.07.2023,1,0,32,11,3,1,4,0,7,0,5,16,18,600
04.07.2023,3,0,32,9,0,0,6,0,0,0,2,29,9,770
05.07.2023,1,0,36,9,0,0,9,0,8,0,3,12,22,670
06.07.2023,9,0,22,15,0,0,1,0,7,0,6,21,23,600
07.07.2023,4,0,20,12,7,0,1,0,7,0,2,17,10,510
08.07.2023,2,0,16,9,0,0,3,0,7,0,4,14,16,630
09.07.2023,3,0,20,11,0,0,7,0,9,0,4,19,15,600
10.07.2023,1,0,5,2,0,0,0,0,4,0,7,1,8,440
11.07.2023,0,0,14,17,0,1,4,0,8,0,4,7,29,540
12.07.2023,1,0,17,7,0,0,2,0,7,0,1,33,12,510
13.07.2023,6,0,23,9,0,0,4,0,5,0,2,26,17,510
14.07.2023,2,0,24,9,2,0,2,0,10,0,5,31,24,550
15.07.2023,2,0,14,11,0,0,0,0,2,0,5,24,17,590
16.07.2023,0,0,18,7,0,0,1,0,2,0,5,13,8,500
17.07.2023,3,0,23,8,0,0,4,0,11,0,8,8,15,620
18.07.2023,0,0,38,17,0,0,4,0,0,0,4,11,27,710
19.07.2023,2,0,31,8,6,0,0,0,6,0,4,46,19,470
20.07.2023,3,0,19,6,14,0,3,0,2,0,6,33,29,530
21.07.2023,7,0,18,15,5,0,0,0,1,0,4,15,11,680
22.07.2023,8,0,19,16,0,0,1,0,5,0,7,11,14,640
23.07.2023,3,0,29,9,0,0,4,0,5,0,11,14,13,630
24.07.2023,1,0,17,13,9,0,0,0,2,0,11,5,10,660
25.07.2023,2,0,30,13,0,0,1,0,5,0,12,14,12,600
26.07.2023,3,0,22,5,0,1,0,0,5,0,3,16,17,460
27.07.2023,0,0,18,11,40,0,0,0,0,0,9,3,18,590
28.07.2023,1,0,30,14,0,0,0,0,1,0,4,11,11,560
29.07.2023,0,0,11,6,0,0,0,0,1,0,1,0,7,390
30.07.2023,1,0,9,11,0,0,0,0,1,0,14,4,28,480
31.07.2023,1,0,21,10,0,0,1,0,4,0,6,6,17,490
01.08.2023,2,0,23,17,0,0,0,0,3,0,5,10,32,500
02.08.2023,1,0,27,8,0,0,1,0,0,0,1,15,25,540
03.08.2023,2,0,26,21,0,0,4,0,3,0,7,35,23,620
04.08.2023,1,0,19,15,0,0,0,0,3,0,4,27,20,640
05.08.2023,0,0,32,2,0,0,0,0,6,0,4,12,30,620
06.08.2023,0,0,22,11,12,0,1,0,4,0,5,10,19,590
07.08.2023,1,0,12,8,18,0,4,0,1,0,7,28,10,540
08.08.2023,1,0,19,8,0,1,0,0,2,0,10,4,9,560
09.08.2023,1,0,17,12,0,0,2,0,5,0,8,17,19,820
10.08.2023,0,0,15,13,0,1,0,0,4,0,16,4,16,580
11.08.2023,2,0,15,15,0,0,2,0,10,0,12,18,16,580
12.08.2023,1,0,10,6,2,0,0,0,3,0,5,4,12,510
13.08.2023,5,0,19,11,0,0,0,0,1,0,3,3,20,560
14.08.2023,2,0,27,19,0,0,1,0,6,0,8,9,19,530
15.08.2023,3,0,29,16,8,1,0,0,3,0,7,29,22,540
16.08.2023,3,0,24,10,17,0,0,0,4,0,11,6,30,650
17.08.2023,1,0,17,18,2,0,0,0,0,0,5,24,27,480
18.08.2023,0,0,24,12,0,2,0,0,10,0,3,4,17,460
19.08.2023,0,0,19,14,0,0,0,0,2,0,8,6,7,500
20.08.2023,3,0,33,11,0,0,3,0,5,0,6,22,15,460
21.08.2023,0,0,19,14,0,0,2,0,4,0,12,5,12,460
22.08.2023,2,0,31,27,0,0,2,0,3,0,4,3,30,410
23.08.2023,0,0,23,12,0,0,1,0,3,0,11,12,23,480
24.08.2023,3,0,15,23,0,0,1,0,1,0,2,20,28,340
25.08.2023,1,0,28,10,3,0,1,0,1,0,3,12,17,470
26.08.2023,2,0,18,18,2,0,2,0,2,0,12,11,33,640
27.08.2023,1,0,24,15,0,0,2,0,4,0,6,11,31,550
28.08.2023,1,0,22,8,4,0,2,0,1,0,4,5,12,490
29.08.2023,1,0,25,17,4,0,3,0,11,0,14,4,43,530
30.08.2023,0,0,26,17,0,0,0,0,5,0,9,8,44,570
31.08.2023,0,0,31,8,26,0,1,0,5,0,13,22,23,610
01.09.2023,0,0,23,9,0,0,1,0,1,0,23,4,33,470
02.09.2023,1,0,30,24,2,0,1,0,4,0,12,12,34,570
03.09.2023,1,0,22,12,0,0,3,0,6,0,5,11,59,600
04.09.2023,1,0,29,14,0,0,2,0,6,0,4,37,47,460
05.09.2023,1,0,38,7,0,0,6,0,4,0,9,31,26,560
06.09.2023,1,0,36,12,0,0,1,0,1,0,8,7,15,610
07.09.2023,1,0,37,21,8,0,5,0,7,0,9,22,27,610
08.09.2023,1,0,31,23,0,0,1,0,1,0,23,29,47,640
09.09.2023,1,0,36,13,0,0,3,0,10,0,15,18,34,600
10.09.2023,1,0,22,16,0,0,3,0,2,0,10,5,40,490
11.09.2023,3,0,28,12,0,0,0,0,5,0,6,35,32,580
12.09.2023,3,0,33,11,0,0,4,0,4,0,8,17,43,550
13.09.2023,2,0,30,14,0,0,2,0,3,0,16,5,31,590
14.09.2023,0,0,42,18,0,0,3,0,5,1,15,47,14,620
15.09.2023,4,0,28,4,0,0,5,0,0,0,13,17,34,470
16.09.2023,0,0,16,10,0,0,0,0,2,0,4,24,33,350
17.09.2023,2,0,15,4,0,0,2,0,5,0,4,4,12,530
18.09.2023,2,0,24,6,7,0,0,0,5,0,3,27,34,620
19.09.2023,1,0,35,17,17,0,2,0,2,0,5,15,30,520
20.09.2023,0,0,34,17,0,0,1,0,3,0,7,37,32,520
21.09.2023,2,0,41,15,0,0,2,0,5,0,3,29,37,490
22.09.2023,0,0,40,8,38,0,4,0,1,0,6,8,20,480
23.09.2023,2,0,33,21,1,0,4,0,0,0,11,9,26,510
24.09.2023,1,0,23,2,0,0,0,0,2,0,7,21,18,390
25.09.2023,2,0,27,13,0,0,2,0,4,0,5,7,12,420
26.09.2023,0,0,39,19,11,0,1,0,7,0,5,29,17,400
27.09.2023,1,0,38,4,0,0,0,0,2,0,3,24,29,320
28.09.2023,1,0,38,12,0,0,1,0,2,0,4,9,23,330
29.09.2023,1,0,34,10,0,0,1,0,1,0,8,34,21,340
30.09.2023,1,0,38,12,0,0,2,0,2,0,4,15,18,470
01.10.2023,0,0,30,7,0,0,2,0,1,0,11,37,29,440
02.10.2023,3,0,48,9,0,0,3,0,5,0,15,17,26,510
03.10.2023,0,0,40,8,0,0,0,0,5,0,15,20,23,360
04.10.2023,0,0,47,18,1,0,1,0,3,0,13,41,30,450
05.10.2023,0,0,31,26,0,0,2,0,2,0,12,8,18,580
06.10.2023,0,0,23,30,0,0,2,0,3,0,20,29,35,620
07.10.2023,1,0,22,20,0,0,2,0,5,0,23,27,58,610
08.10.2023,1,0,17,21,0,0,0,0,3,0,21,5,38,580
09.10.2023,1,0,1,3,0,0,0,0,0,0,2,0,2,350
10.10.2023,1,0,7,3,0,0,0,0,2,0,6,17,12,450
11.10.2023,1,1,18,91,0,0,1,0,4,0,34,19,20,820
12.10.2023,0,0,32,44,1,0,2,0,1,0,42,21,25,990
13.10.2023,1,0,44,49,0,0,0,0,1,0,26,17,33,1030
14.10.2023,1,1,26,24,0,0,0,0,4,0,9,1,22,970
15.10.2023,0,0,33,25,0,0,2,0,5,0,8,4,24,880
16.10.2023,0,1,44,23,0,1,1,0,5,0,17,11,22,860
17.10.2023,0,0,26,20,2,0,0,0,1,0,14,11,22,800
18.10.2023,0,1,8,15,1,6,0,0,0,0,2,10,10,620
19.10.2023,1,1,39,17,0,1,4,0,3,0,11,17,34,630
20.10.2023,0,0,29,120,1,0,4,0,0,0,55,8,33,1380
21.10.2023,0,0,5,55,0,0,0,0,5,0,16,4,21,790
22.10.2023,1,0,15,19,0,0,3,0,1,0,18,9,13,980
23.10.2023,2,0,25,22,1,0,0,0,7,0,12,6,15,870
24.10.2023,1,0,24,16,1,0,3,0,8,0,12,18,28,810
25.10.2023,2,0,44,28,1,0,5,0,1,0,7,9,27,800
26.10.2023,2,0,30,18,0,0,1,0,3,0,29,17,33,810
27.10.2023,0,0,7,11,0,0,0,0,1,0,4,1,6,560
28.10.2023,2,0,18,23,3,0,0,0,0,0,22,9,11,740
29.10.2023,0,0,8,9,3,0,0,0,1,0,8,0,8,660
30.10.2023,1,1,14,17,0,0,0,0,2,0,15,20,23,860
31.10.2023,3,0,25,29,2,0,10,0,2,0,21,21,35,870
01.11.2023,1,0,23,30,1,0,2,0,3,0,12,28,34,680
02.11.2023,3,1,42,43,2,0,4,0,13,0,18,20,34,930
03.11.2023,0,0,36,24,2,0,4,0,2,0,24,7,33,850
04.11.2023,2,0,35,38,0,0,7,0,4,0,11,39,25,830
05.11.2023,2,0,12,14,3,0,6,0,9,0,8,0,14,990
06.11.2023,0,0,14,5,2,0,0,0,0,0,4,20,14,880
07.11.2023,0,0,21,16,0,0,2,0,2,0,5,3,23,890
08.11.2023,2,0,29,22,0,0,3,0,5,0,8,10,47,780
09.11.2023,5,0,36,18,1,0,3,0,5,0,15,26,39,1080
10.11.2023,1,0,14,3,1,0,2,0,1,0,1,2,23,800
11.11.2023,1,0,38,24,1,0,2,0,9,0,25,25,49,1130
12.11.2023,1,0,32,32,1,0,2,0,9,0,7,12,19,1100
13.11.2023,0,0,10,6,1,0,0,0,1,0,5,2,5,800
14.11.2023,0,0,20,7,0,0,1,0,2,0,8,15,24,920
15.11.2023,2,1,58,18,1,0,2,0,2,0,15,26,47,820
16.11.2023,3,0,36,17,1,0,8,0,1,0,11,14,40,1330
17.11.2023,0,0,29,11,0,0,3,0,2,0,27,20,17,1140
18.11.2023,1,0,14,9,0,0,1,0,4,0,7,17,14,620
19.11.2023,2,0,18,25,0,0,2,0,6,0,13,29,29,1190
20.11.2023,0,0,4,2,0,0,1,0,1,0,4,9,7,640
21.11.2023,0,0,4,6,1,0,0,0,1,0,0,7,7,610
22.11.2023,1,0,17,14,0,0,0,0,7,0,7,13,25,850
23.11.2023,2,0,33,36,0,0,3,0,2,0,20,15,39,1130
24.11.2023,4,0,31,32,0,0,2,0,1,0,30,1,32,1100
25.11.2023,1,0,18,7,1,0,1,0,4,0,6,8,29,860
26.11.2023,1,0,23,16,0,0,2,0,1,0,11,93,29,1070
27.11.2023,0,0,1,3,0,0,0,0,0,0,7,4,11,750
28.11.2023,0,0,1,3,0,0,0,0,0,0,3,0,3,860
29.11.2023,3,0,32,27,2,0,3,0,8,0,15,39,46,1140
30.11.2023,0,0,1,28,0,0,0,0,3,0,13,10,13,1180
01.12.2023,2,0,22,32,0,0,2,0,13,0,13,22,38,1280
02.12.2023,0,0,10,13,1,0,1,0,1,0,7,18,11,1070
03.12.2023,0,0,8,11,1,0,0,0,2,0,4,1,22,930
04.12.2023,0,0,12,5,0,0,0,0,1,0,5,22,19,770
05.12.2023,3,0,26,15,1,0,0,0,7,0,7,15,32,1030
06.12.2023,0,1,37,40,0,0,6,0,5,0,13,51,49,1270
07.12.2023,0,0,21,26,1,0,0,0,3,0,18,33,29,1120
08.12.2023,0,0,12,26,0,0,0,0,3,0,8,20,30,990
09.12.2023,0,0,1,11,14,0,0,0,0,0,6,0,7,900
10.12.2023,0,0,6,10,1,0,0,0,3,0,4,0,25,700
11.12.2023,0,0,6,31,0,0,0,0,6,0,19,18,13,1030
12.12.2023,0,0,3,19,10,0,0,0,2,0,9,9,14,800
13.12.2023,0,0,3,15,0,0,0,0,6,0,18,10,12,850
14.12.2023,0,0,12,22,10,0,1,0,9,0,10,33,13,1300
15.12.2023,0,0,11,38,2,0,0,0,4,0,14,20,24,1090
16.12.2023,0,0,1,13,1,0,0,0,1,0,14,12,11,930
17.12.2023,4,0,37,25,1,0,3,0,4,0,19,40,56,1250
18.12.2023,1,0,38,60,0,0,3,0,4,0,44,12,56,1090
19.12.2023,1,0,15,19,1,0,0,0,2,0,15,9,20,1140
20.12.2023,0,0,16,23,1,0,2,0,3,0,16,17,29,890
21.12.2023,0,0,20,31,1,0,4,0,5,0,14,26,48,1080
22.12.2023,0,0,24,18,0,0,0,0,9,0,9,23,25,1080
23.12.2023,0,3,36,28,0,0,0,0,6,0,17,19,51,1040
24.12.2023,0,0,28,17,1,0,0,0,6,0,4,20,27,800
25.12.2023,2,2,33,31,2,0,2,0,5,0,19,32,53,760
26.12.2023,1,0,19,37,2,0,0,0,5,0,22,22,34,1010
27.12.2023,2,0,10,17,2,0,0,0,1,0,14,13,31,790
28.12.2023,1,0,15,42,0,0,1,0,7,0,27,32,40,920
29.12.2023,3,0,26,18,0,0,3,0,7,0,13,36,35,850
30.12.2023,1,0,17,20,88,0,1,0,6,0,16,15,29,750
31.12.2023,2,0,30,17,1,0,4,0,8,0,8,37,48,960
01.01.2024,2,0,18,17,0,0,0,0,9,0,6,66,38,780
02.01.2024,1,0,49,13,1,0,2,0,7,0,7,53,35,810
03.01.2024,3,0,15,7,73,0,0,0,14,0,0,38,26,680
04.01.2024,1,0,28,21,2,0,2,0,6,0,12,5,32,780
05.01.2024,1,0,30,14,1,0,2,0,9,0,9,18,40,790
06.01.2024,2,0,13,16,0,0,1,0,4,0,7,16,15,800
07.01.2024,4,0,36,22,0,0,1,0,10,0,4,24,45,860
08.01.2024,1,0,13,14,1,0,2,0,1,0,9,11,19,440
09.01.2024,0,0,6,9,18,0,1,0,5,0,5,1,10,820
10.01.2024,1,0,12,13,0,0,2,0,3,0,2,11,23,800
11.01.2024,2,0,15,22,1,0,1,0,1,0,12,0,21,830
12.01.2024,1,0,11,16,0,0,0,0,2,0,10,2,16,840
13.01.2024,4,0,18,15,0,0,0,0,6,0,5,12,20,700
14.01.2024,2,0,19,33,8,0,0,0,8,0,10,13,35,840
15.01.2024,2,0,24,20,1,0,1,0,3,0,14,4,31,980
16.01.2024,3,2,30,36,1,0,3,0,9,0,24,12,33,1110
17.01.2024,0,0,10,14,1,0,3,0,2,0,13,7,24,730
18.01.2024,0,0,24,38,1,0,2,0,13,0,21,41,39,780
19.01.2024,1,0,19,35,0,0,0,0,4,0,20,4,37,920
20.01.2024,0,0,14,10,0,0,1,0,5,0,4,5,17,750
21.01.2024,1,0,7,11,0,0,1,0,3,0,10,2,14,760
22.01.2024,2,0,21,23,1,0,0,0,5,0,11,25,29,830
23.01.2024,0,0,51,59,1,0,2,0,12,0,22,0,65,960
24.01.2024,2,0,61,31,22,0,1,0,7,0,13,37,49,840
25.01.2024,1,0,59,42,2,0,1,0,4,0,30,35,39,950
26.01.2024,0,0,15,16,1,0,0,0,5,0,8,0,20,990
27.01.2024,0,0,3,15,0,0,0,0,8,0,6,4,8,770
28.01.2024,0,0,12,19,0,0,0,0,3,0,9,4,31,740
29.01.2024,0,0,16,25,1,0,0,0,7,0,10,8,46,1070
30.01.2024,3,1,31,29,0,0,0,0,5,0,10,35,42,960
31.01.2024,0,0,51,32,0,0,2,0,4,0,10,16,40,1090
01.02.2024,0,0,33,16,1,0,2,0,10,0,12,36,36,1000
02.02.2024,0,0,46,19,0,0,2,0,8,0,9,10,49,830
03.02.2024,0,0,26,13,0,0,1,0,3,0,10,15,36,880
04.02.2024,0,0,31,13,1,0,0,0,6,0,2,12,41,810
05.02.2024,1,0,18,4,0,0,0,0,7,0,5,0,19,810
06.02.2024,1,0,18,35,0,0,0,0,10,0,17,0,41,1020
07.02.2024,0,0,20,22,1,0,1,0,1,0,7,4,33,890
08.02.2024,1,0,24,20,31,1,0,0,8,0,11,14,27,910
09.02.2024,0,0,24,22,1,0,1,0,4,0,2,18,38,910
10.02.2024,0,0,24,21,0,0,0,0,3,0,9,26,28,980
11.02.2024,0,0,16,14,0,0,0,0,1,0,12,22,13,930
12.02.2024,0,0,6,21,1,0,0,0,1,0,10,45,7,790
13.02.2024,1,0,19,27,0,0,0,0,4,0,8,30,24,1090
14.02.2024,4,0,66,39,0,0,3,0,5,0,9,39,39,1060
15.02.2024,0,0,54,47,0,0,0,0,1,0,9,33,29,950
16.02.2024,0,0,21,39,13,0,0,0,4,0,23,4,25,1210
17.02.2024,0,0,28,16,1,0,0,0,5,0,11,5,18,1050
18.02.2024,3,3,40,53,2,0,0,0,7,0,11,36,2,1080
19.02.2024,0,1,24,34,0,0,2,0,5,0,11,11,31,1290
20.02.2024,1,2,40,36,4,0,2,0,6,0,5,61,38,1230
21.02.2024,3,0,53,70,1,0,4,0,7,0,13,39,56,1130
22.02.2024,2,1,41,35,0,0,5,0,8,0,7,36,63,1160
23.02.2024,2,0,49,37,0,0,2,0,9,0,3,32,36,1000
24.02.2024,2,1,36,15,2,0,0,0,1,0,8,31,28,770
25.02.2024,0,0,29,16,2,0,0,0,2,0,8,22,23,810
26.02.2024,2,0,12,37,3,0,1,0,2,0,13,26,26,880
27.02.2024,0,0,16,16,2,0,0,0,8,0,1,22,28,850
28.02.2024,2,2,20,14,0,0,0,0,6,0,14,24,47,1060
29.02.2024,2,0,41,44,0,0,0,0,7,0,23,15,40,1150
01.03.2024,1,3,36,30,0,0,0,0,10,0,17,26,54,920
02.03.2024,5,1,47,29,3,0,3,0,6,0,14,35,61,960
03.03.2024,0,1,35,28,0,0,0,0,3,0,16,14,65,1160
04.03.2024,2,0,22,21,1,0,1,0,1,0,8,2,42,1150
05.03.2024,2,0,48,28,1,0,3,0,9,0,9,18,49,1070
06.03.2024,1,0,50,40,1,0,1,0,12,0,21,58,56,1250
07.03.2024,0,0,42,51,1,0,1,0,5,0,17,42,53,1160
08.03.2024,3,0,25,19,0,0,2,0,9,0,11,35,66,880
09.03.2024,3,0,53,25,0,0,1,0,10,0,6,43,85,850
10.03.2024,2,0,38,27,0,0,3,0,6,0,19,41,69,900
11.03.2024,2,0,33,24,0,0,1,0,14,0,8,59,74,920
12.03.2024,2,0,23,27,0,0,0,0,5,0,8,42,44,910
13.03.2024,2,0,32,20,0,0,1,0,8,0,5,22,62,980
14.03.2024,2,0,11,17,1,0,0,0,9,0,5,15,27,970
15.03.2024,0,0,15,11,0,0,0,0,3,0,1,34,34,580
16.03.2024,2,0,26,24,2,0,0,0,1,0,21,14,31,1160
17.03.2024,1,0,28,24,0,0,0,0,11,0,11,4,49,1160
18.03.2024,0,0,34,17,0,0,0,0,8,0,19,36,68,810
19.03.2024,1,0,30,35,0,0,0,0,4,0,10,10,50,840
20.03.2024,0,0,16,9,0,0,0,0,3,0,9,37,7,700
21.03.2024,0,0,26,16,0,0,1,0,3,0,4,10,44,750
22.03.2024,2,0,35,37,31,0,0,0,8,0,8,23,45,870
23.03.2024,0,0,36,19,39,0,0,0,19,0,12,75,57,1050
24.03.2024,0,0,44,28,0,0,0,0,10,0,24,47,63,990
25.03.2024,3,0,22,25,18,0,0,0,7,0,11,29,47,640
26.03.2024,1,0,27,24,4,0,1,0,4,0,6,14,44,770
27.03.2024,1,0,27,9,1,0,0,0,5,0,11,25,41,1030
28.03.2024,1,0,32,21,2,0,2,0,6,0,10,22,56,780
29.03.2024,6,0,28,27,5,0,2,0,7,0,8,56,50,820
30.03.2024,1,0,15,20,24,0,0,0,7,0,29,45,25,730
31.03.2024,7,0,44,20,2,0,0,0,9,0,15,30,47,650
01.04.2024,1,0,32,17,9,0,0,0,3,0,20,26,35,710
02.04.2024,0,0,30,29,1,0,0,0,6,0,12,22,31,780
03.04.2024,1,0,30,18,1,0,2,0,6,0,11,17,30,710
04.04.2024,1,0,29,18,0,0,1,0,7,0,9,21,48,670
05.04.2024,1,0,50,73,0,0,3,0,4,0,15,30,61,860
06.04.2024,2,0,41,38,1,0,3,0,5,0,24,48,70,790
07.04.2024,0,0,54,54,4,0,4,0,10,0,17,61,79,820
08.04.2024,2,0,40,24,1,0,3,0,3,0,13,40,39,890
09.04.2024,2,0,30,45,0,0,0,0,1,0,23,37,71,850
10.04.2024,0,0,18,47,2,0,1,0,8,0,22,37,67,830
11.04.2024,1,0,48,12,2,0,0,0,6,0,5,34,50,810
12.04.2024,1,0,34,19,18,0,2,0,6,0,9,57,41,840
13.04.2024,1,0,32,47,1,0,3,0,5,0,23,40,57,1030
14.04.2024,2,0,34,20,1,0,1,0,12,0,5,34,63,890
15.04.2024,0,0,41,31,3,0,0,0,3,0,6,31,51,770
16.04.2024,1,0,16,13,0,0,0,0,0,0,9,11,53,920
17.04.2024,1,0,15,18,1,0,0,0,2,0,4,2,24,710
18.04.2024,0,0,13,8,0,0,0,0,5,0,3,5,31,910
19.04.2024,2,0,21,17,3,0,0,0,0,0,9,27,53,870
20.04.2024,1,1,20,21,13,0,0,0,3,0,8,30,46,750
21.04.2024,4,0,41,23,6,0,0,0,8,0,16,38,68,950
22.04.2024,1,0,17,8,2,0,0,0,8,0,7,5,27,730
23.04.2024,1,0,29,12,0,0,0,0,2,0,5,23,33,800
24.04.2024,2,0,43,12,0,0,2,0,8,0,1,32,47,880
25.04.2024,1,0,28,14,1,0,1,0,2,0,13,10,57,1040
26.04.2024,0,0,31,15,1,0,0,0,16,0,7,12,35,950
27.04.2024,3,0,38,14,5,0,0,0,6,0,6,24,35,1124
28.04.2024,1,0,43,20,0,0,1,0,3,0,11,22,46,1096
29.04.2024,2,0,37,16,0,0,1,0,3,0,6,21,44,1320
30.04.2024,1,0,26,39,2,0,2,0,3,0,22,3,33,1250
01.05.2024,1,0,13,21,0,0,0,0,3,0,5,7,33,1120
02.05.2024,4,0,20,29,0,0,0,0,8,0,20,23,49,1030
03.05.2024,2,0,58,33,0,0,0,0,5,0,22,19,42,1270
04.05.2024,2,0,89,32,20,0,3,0,5,0,12,31,115,1260
05.05.2024,2,1,21,18,1,0,1,0,4,0,9,25,37,860
06.05.2024,1,0,38,34,1,0,0,0,6,0,5,47,59,1040
07.05.2024,1,0,37,14,1,0,0,0,9,0,25,34,32,1160
08.05.2024,0,0,30,19,2,0,0,0,2,0,13,11,40,970
09.05.2024,1,0,23,35,41,0,1,0,8,0,11,47,69,1300
10.05.2024,2,0,47,32,0,0,4,0,4,0,5,51,73,980
11.05.2024,1,0,55,40,1,0,2,0,9,0,15,42,64,1320
12.05.2024,1,1,30,22,1,0,2,0,2,0,5,42,64,1260
13.05.2024,0,0,15,42,3,0,4,0,6,0,31,26,59,1740
14.05.2024,1,1,28,43,0,0,0,0,6,0,11,49,29,1400
15.05.2024,0,0,23,48,2,0,0,0,7,0,14,30,48,1510
16.05.2024,0,0,27,30,1,0,0,0,1,0,19,13,93,1520
17.05.2024,2,2,38,14,0,1,1,0,7,0,18,45,56,1410
18.05.2024,1,1,36,43,3,0,0,0,6,0,13,35,65,1210
19.05.2024,2,0,48,35,1,0,3,0,2,0,16,47,82,1210
20.05.2024,4,0,50,35,1,0,2,0,2,0,14,81,60,1400
21.05.2024,4,0,42,34,2,0,1,0,6,0,15,54,72,1380
22.05.2024,1,0,41,22,1,0,0,0,5,0,6,56,59,1300
23.05.2024,1,1,40,27,1,0,0,0,4,0,11,45,71,1330
24.05.2024,0,1,42,27,0,0,3,0,7,0,13,19,56,1240
25.05.2024,1,0,27,11,0,0,2,0,3,0,15,4,39,1140
26.05.2024,0,1,24,17,0,0,1,0,7,0,12,11,31,1110
27.05.2024,1,0,28,15,12,0,1,0,7,0,9,42,55,1150
28.05.2024,0,0,48,40,0,0,1,0,4,0,21,15,46,1460
29.05.2024,0,0,37,33,1,0,2,0,20,0,8,28,56,1300
30.05.2024,0,0,35,22,0,0,1,0,11,0,10,22,53,1160
31.05.2024,0,0,39,22,7,0,0,0,11,0,18,55,56,1390
01.06.2024,0,0,44,12,1,0,0,0,17,0,12,30,101,1130
02.06.2024,6,0,49,33,38,0,1,0,14,0,25,82,86,1080
03.06.2024,3,0,47,22,0,0,1,0,4,0,14,40,67,1270
04.06.2024,3,0,65,18,0,0,2,0,12,0,15,27,69,1290
05.06.2024,3,0,40,16,2,0,0,0,12,0,12,39,69,1280
06.06.2024,1,0,48,40,0,0,3,0,7,0,22,41,63,1300
07.07.2024,48,3,1504,569,82,0,20,0,265,0,327,1016,1743,35990
